SMILES,MolWt,LogP,HBD+HBA,TPSA,RotatableBonds,LogS
COc1ccc(cc1)N(=O)=O,153.13699999999997,1.6033999999999997,3,52.37,2,0.3101707993731142
CCN2c1ncccc1N(CC)C(=O)c3cccnc23 ,268.32,2.614700000000001,4,49.330000000000005,2,0.09535546373369018
Cc1ccnc(C)c1,107.15599999999999,1.69844,1,12.89,0,1.6420258803375438
O=C1N(COC(=O)CCCCC)C(=O)C(N1)(c2ccccc2)c3ccccc3,380.444,3.5630000000000024,5,75.71,8,-1.3491583265883043
Clc2ccc1oc(=O)[nH]c1c2,169.567,1.7744999999999997,3,46.0,0,0.10919911869711947
CCN(CC)c1ccccc1,149.237,2.532800000000001,1,3.24,3,0.01420300360324109
CCCCCCBr,165.074,2.9616000000000016,0,0.0,4,-0.35814357817176085
CC#N,41.053,0.52988,1,23.79,0,1.5847417908336976
Clc1ccc(c(Cl)c1)c2c(Cl)ccc(Cl)c2Cl ,326.437,6.620600000000001,0,0.0,1,-2.086213611537795
CN(C)c1ccccc1,121.18299999999995,1.7526,1,3.24,1,0.5440808315138206
Cn2cc(c1ccccc1)c(=O)c(c2)c3cccc(c3)C(F)(F)F,329.32099999999997,4.738100000000002,2,22.0,2,-0.661271885129615
ClCC#N,75.498,0.74878,1,23.79,0,1.4167084616224146
CC34CC(O)C1(F)C(CCC2=CC(=O)C=CC12C)C3CC(O)C4(O)C(=O)CO,394.43900000000014,0.6204999999999998,10,115.06000000000002,2,-0.2960858145425939
CCC1CCCCC1,112.21600000000001,2.976700000000002,0,0.0,1,-0.5681852396858644
CC1(C)C(C=C(Cl)C(F)(F)F)C1C(=O)OC(C#N)c2cccc(Oc3ccccc3)c2,449.8560000000001,6.543980000000005,4,59.32000000000001,6,-2.4423297012867073
Oc1ccncc1,95.10099999999998,0.7871999999999999,3,33.120000000000005,0,1.9475410243580582
Clc1cccc(c1Cl)c2cccc(Cl)c2Cl,291.99199999999996,5.967200000000002,0,0.0,1,-2.014608499657987
CCCCC=O,86.13399999999999,1.3755,1,17.07,3,1.0548639629231178
CCOC(=O)CCN(SN(C)C(=O)Oc1cccc2CC(C)(C)Oc21)C(C)C,410.53600000000023,4.057500000000004,7,68.31,8,-0.787774249450609
CCC(=O)CC,86.134,1.3755,1,17.07,2,1.3269633880663885
CCCCCCCl,120.623,2.805500000000001,0,0.0,4,-0.028760063524643883
c1c(OC)c(OC)C2C(=O)OCC2c1,196.20199999999997,0.8497999999999999,4,44.760000000000005,2,0.5541055471769937
CCCC(=C)C,84.16199999999999,2.3626000000000005,0,0.0,2,0.01420300360324109
c1ccc2c(c1)ccc3ccccc32,178.23399999999998,3.993000000000002,0,0.0,0,-1.0503263263432385
Clc1ccc(c(Cl)c1)c2ccc(Cl)c(Cl)c2Cl ,326.437,6.620600000000001,0,0.0,1,-2.2628395541746547
Cc2ncc1nccnc1n2,146.153,0.7282199999999999,4,51.56,0,1.403342174071517
CC(C)N(C(C)C)C(=O)SCC(Cl)=C(Cl)Cl,304.66999999999996,4.843900000000003,2,20.310000000000002,4,-0.8689267095810582
CC(C)=CCCC(O)(C)C=C,154.253,2.6698000000000013,2,20.23,4,0.5106651126365768
CC(C)CC(=O)C,100.16099999999999,1.6215,1,17.07,2,1.1073743783016439
CCN2c1ncccc1N(C)C(=S)c3cccnc23 ,270.361,2.759900000000001,4,32.260000000000005,1,-0.7514943260981732
Nc3nc(N)c2nc(c1ccccc1)c(N)nc2n3,253.26900000000003,0.8334000000000001,10,129.62,1,0.3130350038483066
CCC(C)(C)CO,102.17699999999998,1.4149,2,20.23,2,0.9641641545420278
CCCC#C,68.11899999999999,1.4197,0,0.0,1,0.6777437070227956
c1nccc(C(=O)NN)c1,137.14200000000002,-0.3149000000000001,5,68.01,1,1.4649225702881519
CCOP(=S)(OCC)SCSP(=S)(OCC)OCC,384.4870000000002,5.005300000000004,8,36.92,12,-1.1839892018522136
Clc1cccc(Cl)c1,147.004,2.993400000000001,0,0.0,0,0.009429329477920443
CCOc1ccc(NC(N)=O)cc1,180.20699999999997,1.5758999999999999,4,64.35,3,0.42473897838080715
O=C1N(C2CCC(=O)NC2=O)C(=O)c3ccccc13,258.233,0.08779999999999949,5,83.55000000000001,1,0.1831910676395879
Cc1cccc(C)c1O,122.16699999999999,2.00904,2,20.23,0,0.8448223014090143
CCN(CC)C(=S)SSC(=S)N(CC)CC,296.5520000000001,3.6212000000000026,4,6.48,4,-0.8593793613304173
C1CCCC1,70.135,1.9505000000000001,0,0.0,0,0.20037629449074185
CCCCCCCCl,134.65,3.1956000000000016,0,0.0,5,-0.448843386552851
Cn1cnc2n(C)c(=O)[nH]c(=O)c12 ,180.16699999999997,-1.0397,6,72.68,0,0.25622828175699214
CCCCCC(C)(C)O,130.231,2.3376000000000006,2,20.23,4,0.6395543140202312
CC(=C)C,56.108000000000004,1.5824,0,0.0,0,0.3483601923756785
CC1CC(C)C(=O)C(C1)C(O)CC2CC(=O)NC(=O)C2 ,281.35200000000003,1.0414999999999999,6,83.47,3,0.921201087414143
CC(Cl)Cl,98.96000000000001,1.81,0,0.0,0,0.8448223014090143
CN2C(=C(O)c1ccccc1S2(=O)=O)C(=O)Nc3ccccn3 ,331.353,1.5810000000000002,7,99.60000000000001,2,-0.5252221725579796
ClC(Cl)=C(c1ccc(Cl)cc1)c2ccc(Cl)cc2,318.0300000000001,6.187900000000003,0,0.0,2,-1.8332088828958066
CC(=O)OC3(CCC4C2CCC1=CC(=O)CCC1C2CCC34C)C#C,340.4630000000001,4.0633000000000035,3,43.370000000000005,1,-0.8307373165784938
Nc2cnn(c1ccccc1)c(=O)c2Cl,221.647,1.4681,5,60.91,1,0.0867628503081131
CNC(=O)ON=C(CSC)C(C)(C)C ,218.32199999999997,2.1075,5,50.69,3,0.6872910552734366
O=c2[nH]c(=O)c1[nH]c(=O)[nH]c1[nH]2 ,168.112,-1.7672000000000003,7,114.36999999999998,0,-0.41542766767560735
CC(Cl)CCl,112.98700000000001,1.8525,0,0.0,1,0.6968384035240777
CC(C)c1ccccc1C,134.22199999999995,3.118420000000002,0,0.0,1,-0.33427520754515805
CCC1(CCC(=O)NC1=O)c2ccccc2 ,217.268,1.771,3,46.17,2,0.34501862048795406
O=C(Cn1ccnc1N(=O)=O)NCc2ccccc2,260.253,1.1077,6,90.06,5,0.11922383436029277
c1cc2cccc3c4cccc5cccc(c(c1)c23)c54,252.31599999999997,5.737200000000003,0,0.0,0,-2.742116436356837
CCCCCO,88.14999999999999,1.1689,2,20.23,3,1.1742058160561313
Fc1cccc(F)c1C(=O)NC(=O)Nc2ccc(Cl)cc2,310.687,3.5801000000000016,4,58.2,2,-1.4131255598675991
CCOP(=S)(OCC)SCCSCC,274.413,3.7702000000000027,5,18.46,9,-0.5586378914352236
CC(C)(C)c1ccc(O)cc1,150.22099999999998,2.689700000000001,2,20.23,0,0.3101707993731142
O(c1ccccc1)c2ccccc2,170.211,3.478900000000002,1,9.23,2,-0.42974869005156885
c1cnc2c(c1)ccc3ncccc23,180.20999999999998,2.7830000000000004,2,25.78,0,0.1812815979894597
CC(C)C(C)C(C)C,114.23199999999999,2.9345000000000017,0,0.0,2,-0.8307373165784938
CCC(Br)(CC)C(=O)NC(N)=O,237.09699999999998,1.1349999999999998,4,72.19,3,0.1812815979894597
COc1nc(NC(C)C)nc(NC(C)C)n1,225.296,1.5208,8,71.96000000000001,5,0.2777098153209345
BrCCBr,187.862,1.7762,0,0.0,1,0.6586490105215135
CC(=O)Nc1nnc(s1)S(N)(=O)=O ,222.251,-0.8561000000000003,8,115.03999999999999,2,0.334039169999717
ClCC#CCOC(=O)Nc1cccc(Cl)c1,258.104,3.130700000000001,3,38.33,2,-0.6254693291897109
CCCCCBr,151.047,2.5715000000000012,0,0.0,3,-0.00966536702336172
ClC1CC2C(C1Cl)C3(Cl)C(=C(Cl)C2(Cl)C3(Cl)Cl)Cl,409.7819999999999,5.682800000000001,0,0.0,0,-1.8141141863945245
NC(N)=NC#N ,84.082,-1.2591199999999998,4,88.19,0,1.312642365690427
CC(=O)OC3(C)CCC4C2CCC1=CC(=O)CCC1(C)C2CCC34C ,344.4950000000001,4.840100000000005,3,43.370000000000005,1,-1.0617831442440078
CC1CCCCC1NC(=O)Nc2ccccc2,232.32700000000003,3.386800000000001,3,41.13,2,-0.5013538019313771
CC1(C)C(C(=O)OC(C#N)c2cccc(Oc3ccccc3)c2)C1(C)C,349.43000000000006,5.268980000000004,4,59.32000000000001,5,-1.4155123969302599
c3ccc2c(O)c1ccccc1cc2c3 ,194.23299999999998,3.6986000000000017,2,20.23,0,-0.7973215977012503
CNC(=O)C=C(C)OP(=O)(OC)OC,223.16499999999996,1.0536999999999999,6,73.86,5,1.7713924491337303
NC(=N)NS(=O)(=O)c1ccc(N)cc1 ,214.25,-0.5594299999999999,8,122.05999999999999,2,0.5106651126365768
CC12CCC3C(CCC4=CC(=O)CCC34C)C2CCC1C(=O)CO,330.4680000000001,3.695900000000003,4,54.370000000000005,2,-0.18629130966022162
CCCCCC#C,96.17299999999999,2.1999000000000004,0,0.0,3,0.02375035185388217
CN(C)C(=O)Oc1cc(C)nn1c2ccccc2,245.282,2.2411200000000004,4,47.36000000000001,2,0.46292837138337145
CCSSCC,122.258,2.4076000000000004,2,0.0,3,0.3053971252477937
COP(=S)(OC)Oc1ccc(SC)c(C)c1,278.335,3.6130200000000023,5,27.69,5,-0.7209428116961217
Cc1cccc(C)c1,106.16799999999999,2.30344,0,0.0,0,0.11445016023497233
CCCCCCC#C,110.19999999999999,2.5900000000000007,0,0.0,4,-0.28653846629195284
Clc1c(Cl)c(Cl)c(c(Cl)c1Cl)c2c(Cl)c(Cl)c(Cl)c(Cl)c2Cl ,498.66200000000026,9.887599999999999,0,0.0,1,-4.076835721796459
ClCCC#N ,89.525,1.1388800000000001,1,23.79,1,1.3221897139410679
CCSC(=O)N(CC)C1CCCCC1 ,215.36199999999994,3.5141000000000027,2,20.310000000000002,3,-0.16242293903361882
c2ccc1nc(ccc1c2)c4ccc3ccccc3n4 ,256.308,4.450000000000003,2,25.78,1,-1.1171577640977264
O=C1NC(=O)NC(=O)C1(CC)CCC(C)C,226.27599999999995,1.1849999999999992,5,75.27000000000001,4,0.191783681065165
CCOC(=O)CC,102.133,0.9595,2,26.3,2,1.145563771304208
CCN2c1nc(Cl)ccc1N(C)C(=O)c3cccnc23 ,288.73800000000006,2.878000000000001,4,49.330000000000005,1,-0.5032632715815051
Cn1c(=O)n(C)c2nc[nH]c2c1=O,180.16699999999997,-1.039700000000001,6,72.68,0,0.797085560155809
CCCCSP(=O)(SCCCC)SCCCC,314.5220000000001,6.694400000000005,4,17.07,12,-0.993042236839392
CCCCC(CC)C=O,128.21499999999997,2.401700000000001,1,17.07,5,0.4438336748820893
CCC(C)C1(CC=C)C(=O)NC(=O)NC1=O,224.26,0.9609999999999999,5,75.27000000000001,4,0.4982535599107434
CCN(CC)C(=O)CSc1ccc(Cl)nn1,259.762,2.0904999999999996,4,46.09,5,0.6414637836703595
CC1(C)C(C=C(Cl)Cl)C1C(=O)OC(C#N)c2cccc(Oc3ccccc3)c2,416.30400000000014,6.177980000000004,4,59.32000000000001,6,-2.366428282694111
CCCSCCC,118.24499999999999,2.539600000000001,1,0.0,4,0.2290183392426651
c1ccc(cc1)c2ccc(cc2)c3ccccc3,230.31,5.0206000000000035,0,0.0,2,-1.9334560395275378
c1ccnnc1,80.08999999999999,0.4765999999999999,2,25.78,0,1.9857304173606225
CC(C)CC(C)(C)C,114.23199999999999,3.0786000000000016,0,0.0,1,-0.8020952718265708
ClC(Cl)C(Cl)(Cl)SN2C(=O)C1CC=CCC1C2=O ,349.06600000000014,3.520900000000001,3,37.38,3,-1.1171577640977264
CCN(Cc1c(F)cccc1Cl)c2c(cc(cc2N(=O)=O)C(F)(F)F)N(=O)=O,421.7340000000001,5.340800000000003,5,89.51999999999998,6,-1.7759247933919602
CN(=O)=O,61.040000000000006,-0.10710000000000008,2,43.14,0,1.5847417908336976
C1CCC=CCC1,96.173,2.5067000000000004,0,0.0,0,-0.057402108276567124
CCCC1COC(Cn2cncn2)(O1)c3ccc(Cl)cc3Cl,342.2260000000001,3.653400000000003,5,49.17,5,-0.2068181083991
COc1ccc(cc1)C(c2ccc(OC)cc2)C(Cl)(Cl)Cl,345.6529999999999,5.205900000000002,2,18.46,4,-1.8284352087704858
Nc1ncnc2nc[nH]c12 ,135.13,-0.0648999999999999,6,80.47999999999999,0,0.44860734900740973
COc1c(O)c(Cl)c(Cl)c(Cl)c1Cl ,261.919,4.014400000000001,3,29.46,1,-0.4583907348034919
Cc1ccc(cc1)S(=O)(=O)N,171.22099999999998,0.6424200000000001,3,60.16,1,0.6300069657695901
OC(c1ccc(Cl)cc1)(c2cncnc2)c3ccccc3Cl,331.202,4.0676000000000005,4,46.010000000000005,3,-0.6302430033150314
CC(C)=CCC/C(C)=C\CO,154.253,2.6714000000000016,2,20.23,4,0.2863024287465116
CCCC(O)C=C,100.16099999999999,1.3334,2,20.23,3,1.1789794901814519
CSC,62.137,0.9792,1,0.0,0,1.2458109279359393
Brc1ccc(I)cc1,282.90599999999995,3.053700000000001,0,0.0,0,-0.7161691375708009
CC45CCC2C(CCC3CC1SC1CC23C)C4CCC5O,306.51500000000004,4.483900000000005,3,20.23,0,-1.1219314382230468
c1ccc2c(c1)c3ccccc3c4ccccc24,228.29399999999998,5.146200000000003,0,0.0,0,-1.7501469531152292
Oc1cccc2ccccc12,144.17299999999997,2.5454000000000008,2,20.23,0,0.40087060775420436
COc1ccccc1O,124.13899999999997,1.4008,3,29.46,1,0.5249861350125384
CCCN(CCC)c1c(cc(cc1N(=O)=O)C(C)C)N(=O)=O,309.36600000000004,4.252800000000004,5,89.51999999999998,8,-1.6374882437576648
CN(C)C(=O)NC1CC2CC1C3CCCC23,222.33199999999994,2.0822999999999996,2,32.34,1,-0.05310580156377869
CC(C)C(C)C,86.178,2.2984,0,0.0,1,-0.2817647921666322
OCC1OC(OC2C(O)C(O)C(O)OC2CO)C(O)C(O)C1O,342.297,-5.397199999999993,19,189.52999999999997,4,1.3441486149175423
CCOP(=S)(NC(C)C)Oc1ccccc1C(=O)OC(C)C,345.4010000000002,3.8896000000000033,6,56.790000000000006,8,-0.5414526645840694
Cc1c2ccccc2c(C)c3ccccc13,206.28799999999998,4.609840000000004,0,0.0,0,-1.675677636760229
CCC#CCC,82.14599999999999,1.8098,0,0.0,0,0.5106651126365768
CC4CC3C2CCC1=CC(=O)C=CC1(C)C2(F)C(O)CC3(C)C4(O)C(=O)COC(C)=O ,434.5040000000003,2.466500000000001,8,100.9,3,-0.8784740578316995
OCCCC=C,86.134,0.9449,2,20.23,3,1.3890211516955555
CCCCCCc1ccccc1,162.276,3.809400000000003,0,0.0,5,-1.026457955716636
CC=C(C)C,70.13499999999999,1.9725,0,0.0,0,0.23856568749330617
Oc2cc(O)c1C(=O)CC(Oc1c2)c3ccc(O)c(O)c3,288.255,2.2155000000000005,10,107.22000000000001,1,-0.2674437697906707
CCCCCCCBr,179.101,3.351700000000002,0,0.0,5,-0.654111373941634
COC(=O)c1ccccc1C(=O)OC,194.18599999999995,1.2597999999999998,4,52.60000000000001,2,0.6681963587721546
CCC(=O)OC3CCC4C2CCC1=CC(=O)CCC1(C)C2CCC34C ,344.4950000000001,4.840100000000005,3,43.370000000000005,2,-1.1028367417217646
CCOC(=O)C,88.106,0.5694,2,26.3,1,1.4415315670740814
CC(C)(C)CO,88.14999999999999,1.0248,2,20.23,0,1.269679298562542
CC(C)Cc1ccccc1,134.22199999999998,2.8851000000000013,0,0.0,2,-0.5061274760566975
O=C1CCCCC1,98.14500000000001,1.5196,1,17.07,0,1.1742058160561313
CCCCBr,137.01999999999998,2.1814,0,0.0,2,0.32926549587439635
Clc1ccc(Cl)c(c1)c2c(Cl)c(Cl)cc(Cl)c2Cl ,360.88200000000006,7.274000000000001,0,0.0,1,-2.081439937412475
Clc1ccccc1Cl,147.00399999999996,2.9934000000000003,0,0.0,0,0.004655655352600008
NC(=S)N,76.12400000000001,-0.8113000000000001,3,52.04,0,1.6133838355856205
COCC(=O)N(C(C)C(=O)OC)c1c(C)cccc1C ,279.336,1.8443399999999999,4,55.84,5,0.6963610361115457
CC(=O)OC3(CCC4C2C=C(C)C1=CC(=O)CCC1(C)C2CCC34C)C(C)=O ,384.5160000000002,4.575300000000004,4,60.440000000000005,2,-1.0932893934711232
CNc2cnn(c1cccc(c1)C(F)(F)F)c(=O)c2Cl,303.67100000000005,2.9464000000000006,5,46.92,2,-0.4708022875293256
CCCCOC(=O)c1ccccc1C(=O)OCCCC ,278.348,3.600400000000003,4,52.60000000000001,8,-0.6397903515656727
CN(C)C=Nc1ccc(Cl)cc1C,196.68099999999998,2.8698200000000007,1,15.6,2,0.09535546373369018
CCOC(=O)CC(=O)OCC,160.16899999999998,0.5027,4,52.60000000000001,4,1.0691849852990796
CCCCc1c(C)nc(NCC)nc1OS(=O)(=O)N(C)C ,316.4270000000001,1.74462,7,84.42,8,-0.5252221725579796
Clc1ccc(Br)cc1,191.45499999999998,3.102500000000001,0,0.0,0,-0.2722174439159911
Cc1cc(C)c(C)c(C)c1C,148.249,3.2287000000000017,0,0.0,0,-0.448843386552851
CCCCCCl,106.596,2.415400000000001,0,0.0,3,0.1574132273628571
CCCCCCC(=O)C,128.21499999999997,2.5458000000000007,1,17.07,5,0.48202306788465366
CCCC(=O)C,86.13399999999999,1.3755,1,17.07,2,1.3699264551942734
CN(C)C(=O)Nc1ccc(Cl)cc1,198.653,2.4335000000000004,2,32.34,1,0.08103444135772844
CC(C)C(C)O,88.14999999999999,1.0231999999999999,2,20.23,1,1.3747001293195937
Cc1cc(cc(N(=O)=O)c1O)N(=O)=O,198.134,1.5170200000000003,6,106.51000000000002,2,0.7655793109286935
Oc1cc(Cl)c(Cl)c(Cl)c1Cl,231.893,4.0058,2,20.23,0,-0.043081085900605394
CCOP(=S)(OCC)Oc1ccc(cc1)S(C)=O ,308.36100000000005,3.1003000000000016,5,44.760000000000005,7,0.3626812147516402
CCC(C)(C)C,86.17799999999998,2.442500000000001,0,0.0,0,-0.2340280509134268
CCCCCC(O)CC,130.23099999999997,2.3376,2,20.23,5,0.5154387867618974
CCC(CC)C=O,100.16099999999999,1.6215,1,17.07,3,0.735027796526642
O=C1NC(=O)NC(=O)C1(CC)CC,184.19499999999996,0.15879999999999939,5,75.27000000000001,2,0.31494447349843485
c1(O)cc(O)ccc1CCCCCC,194.27399999999992,3.220600000000001,4,40.46,5,0.22424466511734467
Cl\C=C/Cl,96.94400000000002,1.9352,0,0.0,0,0.8400486272836938
Brc1cccc(Br)c1,235.90599999999998,3.2116000000000007,0,0.0,0,-0.22925437678810637
O=c1[nH]cnc2nc[nH]c12 ,136.114,-0.35380000000000006,5,74.43,0,0.36459068440176845
ClC(Cl)(Cl)C(NC=O)N1C=CN(C=C1)C(NC=O)C(Cl)(Cl)Cl ,430.9340000000001,2.431,6,64.68,6,-0.5395431949339414
Cc1ccc(N)cc1,107.156,1.5772199999999998,2,26.02,0,0.8830116944115787
ClCC(Cl)Cl,133.405,2.0289,0,0.0,1,0.7541224930279241
c3ccc2nc1ccccc1cc2c3,179.22199999999998,3.3880000000000017,1,12.89,0,-0.29131214041727327
CCN2c1cc(OC)cc(C)c1NC(=O)c3cccnc23 ,283.331,3.122320000000001,5,54.46,2,-0.9992480132023087
CCOC(=O)c1cncn1C(C)c2ccccc2,244.294,2.669100000000001,4,44.12,4,-0.7997084347639106
CC(C)C(Nc1ccc(cc1Cl)C(F)(F)F)C(=O)OC(C#N)c2cccc(Oc3ccccc3)c2,502.9200000000002,7.395680000000005,6,71.35,8,-2.359745138918662
Clc1cc(Cl)c(cc1Cl)c2cccc(Cl)c2Cl ,326.437,6.620600000000001,0,0.0,1,-1.981192780780743
CCCCCC(=O)OC,130.18699999999998,1.7397,2,26.3,4,0.5679492021404231
ICI,267.835,1.8139,0,0.0,0,0.3435865182503581
CC(=O)OCC(=O)C3(O)CCC4C2CCC1=CC(=O)C=CC1(C)C2C(O)CC34C ,402.48700000000014,2.1284,8,100.90000000000002,3,-0.6254693291897109
CNC(=O)Oc1ccc(N(C)C)c(C)c1,208.26099999999997,1.77922,4,41.57,2,0.334039169999717
CCC1(C(=O)NC(=O)NC1=O)C2=CCCCC2 ,236.27099999999993,1.2491999999999999,5,75.27000000000001,2,0.42473897838080715
CC1=C(SCCO1)C(=O)Nc2ccccc2,235.30800000000002,2.620000000000001,4,38.33,2,-0.03830741177528496
CC12CCC3C(CCc4cc(O)ccc34)C2CCC1O,272.388,3.6092000000000026,4,40.46,0,-0.9405318214608663
CC1OC(CC(O)C1O)OC2C(O)CC(OC2C)OC8C(O)CC(OC7CCC3(C)C(CCC4C3CCC5(C)C(CCC45O)C6=CC(=O)OC6)C7)OC8C ,764.9499999999999,3.247300000000002,18,182.82999999999998,7,-1.0660794509567961
CCC(C)CO,88.14999999999999,1.0248,2,20.23,2,1.236263579685298
CCCCCC1CCCC1,140.26999999999998,3.7569000000000026,0,0.0,4,-1.4417676046195227
Clc1cc(Cl)c(c(Cl)c1)c2c(Cl)cc(Cl)cc2Cl ,360.88200000000006,7.274000000000001,0,0.0,1,-2.697243899578824
CN(C)C(=O)Nc1ccc(Cl)c(Cl)c1,233.09799999999998,3.0869000000000018,2,32.34,1,-0.3533699040464402
Clc1cccc(c1)N(=O)=O,157.55599999999998,2.2482000000000006,2,43.14,1,0.13831853086157495
COP(=O)(NC(C)=O)SC ,183.16899999999998,1.24,5,55.4,3,1.7184046663426724
C1CCCCCC1,98.18900000000001,2.7307000000000015,0,0.0,0,-0.21493335441214464
ClCc1ccccc1,126.58599999999996,2.4254000000000007,0,0.0,1,0.3197181476237553
CCC(C)C,72.151,2.0524,0,0.0,1,-0.057402108276567124
COCCCNc1nc(NC(C)C)nc(SC)n1,271.39,1.8621999999999999,9,71.96000000000001,8,0.06289447968151049
COP(=S)(OC)Oc1cc(Cl)c(Br)cc1Cl,366.0,4.652000000000002,4,27.69,4,-1.446541278744843
CC(O)c1ccccc1,122.16699999999996,1.7399,2,20.23,1,1.021448244045874
CCCC(C)C1(CC=C)C(=O)NC(=S)NC1=O ,254.35500000000002,1.5159999999999998,5,58.2,5,-0.19106498378554204
CI,141.939,1.0512000000000001,0,0.0,0,0.9832588510433099
Brc1ccccc1Br,235.90599999999998,3.2116000000000007,0,0.0,0,-0.21015968028682422
CC1(C)CON(Cc2ccccc2Cl)C1=O,239.702,2.6400000000000006,2,29.54,2,0.34454125307542205
CNc1ccccc1,107.15599999999998,1.7283,2,12.03,1,0.8495959755343349
CCN2c1ccccc1N(C)C(=O)c3cccnc23 ,253.30499999999995,2.829600000000001,3,36.44,1,-0.1261430156811827
CCC(C)n1c(=O)[nH]c(C)c(Br)c1=O ,261.11899999999997,1.5785200000000001,4,54.86,2,0.25622828175699214
c1ccc2c(c1)c3cccc4c3c2cc5ccccc54,252.31599999999997,5.640400000000003,0,0.0,0,-2.4681075415634384
CC(C)C(C(=O)OC(C#N)c1cccc(Oc2ccccc2)c1)c3ccc(OC(F)F)cc3,451.46900000000005,6.627980000000005,5,68.55000000000001,9,-1.8217520649950374
CC(C)c1ccccc1,120.19499999999995,2.8100000000000014,0,0.0,1,-0.10036517540445189
Cc1ccc(cc1)N(=O)=O,137.138,1.90322,2,43.14,1,0.27198140637054985
Cc1ccccc1n3c(C)nc2ccccc2c3=O,250.30100000000002,3.0025400000000015,3,34.89,1,0.06432658191910672
c1ccc2c(c1)ccc3c2ccc4c5ccccc5ccc43,278.354,6.299400000000004,0,0.0,0,-2.2962552730518984
O=c1cc[nH]c(=O)[nH]1 ,112.088,-0.9368000000000001,4,65.72,0,0.7503035537276675
ClC1(C2(Cl)C3(Cl)C4(Cl)C5(Cl)C1(Cl)C3(Cl)Cl)C5(Cl)C(Cl)(Cl)C24Cl,545.5460000000002,6.222999999999999,0,0.0,0,-1.7854721416426012
Clc1ccc(c(Cl)c1)c2cc(Cl)ccc2Cl ,291.99199999999996,5.967200000000002,0,0.0,1,-1.675677636760229
Oc1ccccn1,95.101,0.7871999999999999,3,33.120000000000005,0,1.9475410243580582
CCCOCCC,102.17699999999999,1.823,1,9.23,4,0.6872910552734366
CCSCc1ccccc1OC(=O)NC ,225.313,2.6579000000000006,4,38.33,4,0.46292837138337145
CC12CCC(=O)C=C1CCC3C2CCC4(C)C3CCC4(O)C#C ,312.45300000000003,3.8826000000000027,3,37.3,0,-1.24127329135606
CCCCC1(CC)C(=O)NC(=O)NC1=O,212.249,0.9389999999999998,5,75.27000000000001,4,0.6677189913596224
CCCOC(=O)CC,116.15999999999998,1.3496000000000001,2,26.3,3,1.0691849852990796
Nc1ccccc1O,109.12799999999999,0.9743999999999999,4,46.25,0,1.1169217265522848
Cc1cc(C)c(O)c(C)c1,136.194,2.3174600000000005,2,20.23,0,0.48202306788465366
CN1CC(O)N(C1=O)c2nnc(s2)C(C)(C)C,256.33099999999996,1.0257999999999998,6,69.56,1,0.5646076302526988
CN(C)c2c(C)n(C)n(c1ccccc1)c2=O ,231.299,1.55042,4,30.17,2,1.2868645254136961
CCCOC(=O)CCC,130.18699999999998,1.7397,2,26.3,4,0.6252332916442697
CCCCCCCCCCCCCCCCCCO,270.50099999999986,6.240200000000008,2,20.23,16,-2.5492600016938876
c1cc2ccc3cccc4ccc(c1)c2c34,202.25599999999997,4.584000000000002,0,0.0,0,-1.4875948762226
CC(C)CC(C)C,100.20499999999998,2.6885000000000012,0,0.0,2,-0.5729589138111849
c1cc(O)c(O)c2OCC3(O)CC4=CC(=O)C(O)=CC4=C3c21,300.266,1.3295999999999997,10,107.22000000000001,0,0.17173424973881862
C1c2ccccc2c3ccc4ccccc4c13,216.283,4.411000000000003,0,0.0,0,-1.7281880521387547
C1(=O)NC(=O)NC(=O)C1(O)C2(O)C(=O)NC(=O)NC2(=O),286.156,-4.819399999999998,14,191.0,1,0.5106651126365768
CCCCCCCO,116.204,1.9491,2,20.23,5,0.5965912468923464
CCCCCCCCCCCCCC,198.39399999999995,5.707400000000006,0,0.0,11,-2.3392183401797833
CCOC(=O)NCCOc2ccc(Oc1ccccc1)cc2,301.34200000000004,3.6038000000000023,5,56.790000000000006,7,-0.7830005753252887
CC34CCC1C(CCC2CC(=O)CCC12C)C3CCC4O ,290.44699999999995,3.9591000000000034,3,37.3,0,-0.8035273740641671
c1ccc2c(c1)c3cccc4cccc2c34,202.25599999999997,4.487200000000002,0,0.0,0,-1.4035782116169584
OCC(NC(=O)C(Cl)Cl)C(O)c1ccc(cc1)N(=O)=O,323.13200000000006,0.909,8,112.70000000000002,6,0.4529036557201982
Fc1ccccc1Br,175.0,2.5882000000000005,0,0.0,0,0.17173424973881862
CCCC1C(=O)N3N(C1=O)c2cc(C)ccc2N=C3N(C)C ,300.3620000000001,2.0642199999999997,4,56.220000000000006,2,-0.22829964196304237
CCCCCCCC(=O)OC,158.24099999999999,2.5199000000000007,2,26.3,6,-0.052628434151246475
Clc1ccc(CN(C2CCCC2)C(=O)Nc3ccccc3)cc1,328.84299999999996,5.316700000000004,2,32.34,4,-1.3630019815517338
C1CCc2ccccc2C1,132.20599999999996,2.5654000000000003,0,0.0,0,-0.6254693291897109
CCCCNC(=O)n1c(NC(=O)OC)nc2ccccc12,290.323,2.572400000000001,7,85.25,4,-0.8703588118186544
CON(C)C(=O)Nc1ccc(Cl)cc1,214.652,2.365100000000001,3,41.57,2,0.23379201336798575
NS(=O)(=O)c2cc1c(NCNS1(=O)=O)cc2Cl ,297.745,-0.35129999999999945,8,118.35999999999999,1,0.2051499686160625
ClC(Cl)(Cl)C(Cl)(Cl)Cl,236.74,3.7268,0,0.0,0,-0.29131214041727327
Cc1ccc(Cl)cc1,126.586,2.6484200000000007,0,0.0,0,-0.00966536702336172
Oc1ccc(Cl)cc1,128.558,2.0456,2,20.23,0,1.126469074802926
Oc1c(I)cc(C#N)cc1I,370.91499999999996,2.4730799999999995,3,44.019999999999996,0,-0.26267009566535005
Cc1ccc2cc(C)ccc2c1,156.228,3.456640000000002,0,0.0,0,-0.8737003837063786
Oc1ccc(cc1)C2(OC(=O)c3ccccc23)c4ccc(O)cc4 ,318.32800000000003,3.560100000000002,6,66.76,2,0.07626076723240802
Clc1ccccc1N(=O)=O,157.55599999999998,2.2481999999999998,2,43.14,1,0.24333936161862682
CC12CC2(C)C(=O)N(C1=O)c3cc(Cl)cc(Cl)c3,284.142,3.2829000000000024,2,37.38,1,-0.8307373165784938
CC1CCCCC1,98.18900000000001,2.5866000000000007,0,0.0,0,-0.37723827467304305
CSCS(=O)CC(CO)NC(=O)C=Cc1c(C)[nH]c(=O)[nH]c1=O,361.4450000000001,-1.068879999999999,10,132.11999999999998,8,0.5149614193493652
Cc1c(F)c(F)c(COC(=O)C2C(C=C(Cl)C(F)(F)F)C2(C)C)c(F)c1F,418.7360000000001,5.551820000000002,2,26.3,4,-2.0341805635718013
Oc1cccc(Cl)c1Cl,163.003,2.699,2,20.23,0,0.8400486272836938
CCCC1CCCC1,112.21600000000001,2.976700000000002,0,0.0,2,-0.8020952718265708
Nc3ccc2cc1ccccc1cc2c3 ,193.249,3.5752000000000015,2,26.02,0,-1.0073632592153536
Clc1ccc(c(Cl)c1)c2c(Cl)c(Cl)c(Cl)c(Cl)c2Cl,395.3270000000001,7.9274000000000004,0,0.0,1,-2.3201236436785013
CCN2c1cc(N(C)C)cc(C)c1NC(=O)c3cccnc23 ,296.374,3.1797200000000014,5,48.47,2,-0.86463040286827
c1(C(C)(C)C)cc(C(C)(C)C)cc(OC(=O)NC)c1,263.381,3.999800000000003,3,38.33,1,-0.563411565560544
CCCCI,184.01999999999998,2.2215,0,0.0,2,0.047618722480484765
CCCC(O)CCC,116.204,1.9475,2,20.23,4,0.7923118860304884
CNC(=O)Oc1ccccc1OC(C)C,209.24499999999998,2.192,4,47.56,3,0.48202306788465366
Clc1ccc(cc1)N(=O)=O,157.55599999999998,2.2482000000000006,2,43.14,1,0.06671341898176693
C1c2ccccc2c3ccccc13,166.22299999999998,3.2578000000000014,0,0.0,0,-0.9262107990849047
CCC1(C(=O)NCNC1=O)c2ccccc2,218.256,0.5378999999999994,4,58.2,2,0.20037629449074185
CNC(=O)Oc1ccccc1C(C)C,193.24599999999998,2.528200000000001,3,38.33,2,0.09392336149609395
CCC(C)C(=O)C,100.16099999999999,1.6215,1,17.07,2,1.1407900971788876
CCc1cccc(CC)c1N(COC)C(=O)CCl ,269.77199999999993,2.9871000000000016,2,29.54,6,-0.09559150127913124
O=C(Nc1ccccc1)Nc2ccccc2,212.25199999999998,3.3306000000000013,3,41.13,2,-0.043081085900605394
Cn1ccc(=O)[nH]c1=O,126.115,-0.9264000000000001,4,54.86,0,1.0753907616619962
CCc1ccccn1,107.15599999999998,1.644,1,12.89,1,1.7040836439667109
CCCCCCCI,226.101,3.3918000000000026,0,0.0,5,-0.8355109907038143
c1ccc2ncccc2c1,129.16199999999998,2.2348,1,12.89,0,0.8400486272836938
CC(C)Nc1nc(Cl)nc(NC(C)C)n1,229.71500000000003,2.1655999999999995,7,62.730000000000004,4,-0.654111373941634
Oc1c(Cl)c(Cl)cc(Cl)c1Cl,231.893,4.0058,2,20.23,0,-0.1481019166576573
OC4=C(C1CCC(CC1)c2ccc(Cl)cc2)C(=O)c3ccccc3C4=O,366.84400000000016,5.505100000000005,4,54.37,2,-1.3706398601522467
CC(=C)C(=C)C,82.146,2.1386000000000003,0,0.0,1,0.31494447349843485
COc2cnc1cncnc1n2,162.152,0.42839999999999984,5,60.790000000000006,1,1.0262219181711947
Nc1ccccc1N(=O)=O,138.126,1.177,4,69.16,1,0.5249861350125384
Clc1ccc(Cl)c(Cl)c1Cl,215.894,4.3002,0,0.0,0,-0.7209428116961217
Cc1ncc(N(=O)=O)n1CCO ,171.15599999999998,0.09201999999999994,6,81.19,3,0.8591433237849759
CC(C)OC(=O)Nc1cccc(Cl)c1,213.66400000000002,3.2969000000000017,3,38.33,2,-0.15287559078297772
CC(=O)OCC(=O)C3CCC4C2CCC1=CC(=O)CCC1(C)C2CCC34C ,372.5050000000002,4.266700000000004,4,60.440000000000005,3,-0.7495848564480447
COc1ccc(Cl)cc1,142.585,2.3486000000000002,1,9.23,1,0.1335448567362545
CC1CC2C3CC(F)C4=CC(=O)C=CC4(C)C3(F)C(O)CC2(C)C1(O)C(=O)CO,410.4570000000002,1.8436999999999997,8,94.83,2,-1.2188370229670538
CCOP(=S)(OCC)Oc1cc(C)nc(n1)C(C)C,304.35200000000003,3.5847200000000026,6,53.47,7,-0.27699111804131177
CC(=O)C1CCC2C3CCC4=CC(=O)CCC4(C)C3CCC12C,314.46900000000005,4.723500000000005,2,34.14,1,-0.6493376998163135
Cc1cccc(C)n1,107.156,1.69844,1,12.89,0,1.6754415992147877
Nc1ccccc1,93.12899999999999,1.2688000000000001,2,26.02,0,1.2649056244372214
CC(=O)Nc1ccc(O)cc1,151.165,1.3505999999999998,4,49.33,1,0.9689378286673483
ClCC(C)C,92.569,1.8812,0,0.0,1,0.5058914385112563
Cc1c(C)c2c3ccccc3ccc2c4ccccc14,256.348,5.763040000000004,0,0.0,0,-1.8857192982743323
COC(=O)c1cccnc1 ,137.138,0.8681999999999999,3,39.19,1,1.241037253810619
Fc1cccc(Br)c1,175.0,2.5882000000000005,0,0.0,0,0.18605527211478035
o1c2ccccc2c3ccccc13,168.195,3.586000000000002,1,13.14,0,-0.7352638340720831
CC3C2CCC1(C)C=CC(=O)C(=C1C2OC3=O)C,246.30599999999995,2.419600000000001,3,43.370000000000005,0,-0.014439041148682153
COP(=S)(OC)Oc1ccc(Sc2ccc(OP(=S)(OC)OC)cc2)cc1,466.47900000000016,5.630000000000004,9,55.38000000000001,10,-1.516714288387055
Cc1ccc2cc3ccccc3cc2c1,192.261,4.301420000000002,0,0.0,0,-1.8618509276477297
Nc2cccc3nc1ccccc1cc23 ,194.23700000000002,2.970200000000001,3,38.91,0,-0.5538642173099027
COC(=O)c1ccc(O)cc1,152.149,1.1788,4,46.53,1,0.5884760008793015
CCCCC,72.151,2.1965000000000003,0,0.0,2,-0.057402108276567124
Clc1cc(Cl)c(cc1Cl)c2cc(Cl)c(Cl)cc2Cl ,360.88200000000006,7.274000000000001,0,0.0,1,-2.625638787699016
CSSC,94.20400000000001,1.6274,2,0.0,1,0.7732171895292063
Cc1cc(no1)C(=O)NNCc2ccccc2,231.25500000000002,1.41762,6,67.16,4,0.28582506133397956
c1ccc2ccccc2c1,128.17399999999995,2.839800000000001,0,0.0,0,-0.2578964215400296
CCOC(=O)c1ccccc1S(=O)(=O)NN(C=O)c2nc(Cl)cc(OC)n2,414.82700000000017,1.1715999999999998,9,127.79,8,-0.7238070161713142
Brc1cc(Br)c(Br)cc1Br,393.69800000000004,4.7366,0,0.0,0,-1.8713982758983712
c1ccc2cc3ccccc3cc2c1,178.23399999999995,3.993000000000002,0,0.0,0,-1.570656806003177
CC,30.07,1.0262,0,0.0,0,0.8114065825317706
Cc1ccc2ccccc2c1,142.201,3.148220000000001,0,0.0,0,-0.3390488816704787
Oc2ccc1ncccc1c2 ,145.161,1.9403999999999997,3,33.120000000000005,0,0.4295126525061276
Cc1c2ccccc2c(C)c3ccc4ccccc4c13,256.348,5.763040000000005,0,0.0,0,-1.8904929723996529
c1ccccc1n2ncc(N)c(Br)c2(=O),266.098,1.5771999999999997,5,60.910000000000004,1,-0.0321016354123681
CCCCC(=O)OC,116.15999999999998,1.3496000000000001,2,26.3,3,0.8209539307824116
CCCC(=O)OCC,116.15999999999998,1.3496000000000001,2,26.3,3,0.8114065825317706
Nc1nccs1 ,100.14599999999999,0.7253000000000001,4,38.91,0,1.2887739950638242
CCCOC(=O)c1ccc(N)cc1,179.21899999999997,1.8356,4,52.32,3,0.290121368046768
CCN2c1ccccc1N(C)C(=S)c3cccnc23 ,269.373,3.3649000000000022,3,19.37,1,-0.7858647798004811
OC(CC(c1ccccc1)c3c(O)c2ccccc2oc3=O)c4ccc(cc4)c5ccc(Br)cc5 ,527.4140000000002,7.183700000000006,6,70.67,6,-0.661271885129615
O=C1NC(=O)C(N1)(c2ccccc2)c3ccccc3,252.27300000000002,1.7695999999999998,4,58.2,2,-0.49514802556846044
CCC#C,54.09199999999999,1.0295999999999998,0,0.0,0,0.868690672035617
Clc1ccccc1c2ccccc2Cl ,223.102,4.660400000000002,0,0.0,1,-1.055100000468559
OCC1OC(C(O)C1O)n2cnc3c(O)ncnc23,268.22900000000004,-1.8566000000000003,13,133.75,2,0.8734643461609375
Cc1cccc2c1Cc3ccccc32,180.25000000000003,3.566220000000002,0,0.0,0,-1.0312316298419564
Nc1ccccc1Cl,127.574,1.9222,2,26.02,0,0.735027796526642
C1N(C(=O)NCC(C)C)C(=O)NC1,185.22699999999998,0.37720000000000026,4,61.440000000000005,2,0.4342863266314482
CCCCOC,88.14999999999999,1.4329,1,9.23,3,0.9880325251686305
CCCCCCCCBr,193.128,3.741800000000003,0,0.0,6,-0.9548528438368277
c1c(NC(=O)OC(C)C(=O)NCC)cccc1,236.271,1.7597,5,67.42999999999999,4,0.5870438986417054
CC(C)(C)C(=O)C(Oc1ccc(Cl)cc1)n2cncn2,293.754,3.1243000000000016,5,57.010000000000005,4,-0.26267009566535005
CCCCC#C,82.14599999999999,1.8098,0,0.0,2,0.334039169999717
CC1CC2C3CCC4=CC(=O)C=CC4(C)C3(F)C(O)CC2(C)C1(O)C(=O)CO,392.4670000000002,1.8957000000000002,8,94.83,2,-0.25312274741470897
Ic1ccccc1,204.01000000000002,2.2912,0,0.0,0,0.02375035185388217
Clc1ccc(c(Cl)c1Cl)c2ccc(Cl)c(Cl)c2Cl ,360.88200000000006,7.274000000000001,0,0.0,1,-2.363086710806386
CC12CCC3C(CCC4=CC(=O)CCC34C)C2CCC1O,288.431,3.879200000000003,3,37.3,0,-0.4583907348034919
C1CCC2CCCCC2C1,138.254,3.3668000000000022,0,0.0,0,-1.016910607465995
Cc1ccccc1O,108.13999999999999,1.70062,2,20.23,0,1.16465846780549
Clc1cc(c(Cl)c(Cl)c1Cl)c2cc(Cl)c(Cl)c(Cl)c2Cl,429.77200000000016,8.580799999999998,0,0.0,1,-2.912059235218248
OC3N=C(c1ccccc1Cl)c2cc(Cl)ccc2NC3=O,321.163,3.101300000000001,5,61.690000000000005,1,-0.25980589119015784
O=c2c(C3CCCc4ccccc43)c(O)c1ccccc1o2 ,292.33400000000006,3.9668000000000028,4,50.44,1,0.10490281198433125
O2c1cc(C)ccc1N(C)C(=O)c3cc(N)cnc23 ,255.277,2.35452,5,68.45,0,0.007997227240324228
Oc1ccc(Cl)c(Cl)c1Cl,197.448,3.3524000000000003,2,20.23,0,0.18605527211478035
CC(C)C,58.123999999999995,1.6622999999999999,0,0.0,0,0.24333936161862682
c1ccc2cc3c4cccc5cccc(c3cc2c1)c45,252.31599999999997,5.640400000000003,0,0.0,0,-2.592223068821772
Cc1cccc2ccccc12,142.201,3.148220000000002,0,0.0,0,-0.30563316279323505
Clc1ccc(cc1)c2cccc(Cl)c2Cl ,257.547,5.313800000000001,0,0.0,1,-1.5420147612512538
CCCCC(=O)OCC,130.18699999999998,1.7397,2,26.3,4,0.38654958537824285
CC(=O)CCC1C(=O)N(N(C1=O)c2ccccc2)c3ccccc3,322.36400000000003,2.966800000000001,3,57.690000000000005,5,-0.10036517540445189
Clc1ccc(Cl)c(c1)c2cccc(Cl)c2Cl ,291.9920000000001,5.967200000000002,0,0.0,1,-1.6279408955070234
c1(OC)ccc(CC=C)cc1,148.205,2.4237,1,9.23,3,0.06671341898176693
CC2=CC(=O)c1ccccc1C2=O ,172.18299999999996,2.0119000000000002,2,34.14,0,0.01420300360324109
OCC(O)COC(=O)c1ccccc1Nc2ccnc3cc(Cl)ccc23,372.80800000000016,3.141800000000001,9,91.67999999999999,6,-0.721420179108654
COc1ccc(NC(=O)N(C)C)cc1Cl,228.67899999999997,2.4421,3,41.57,2,0.23665621784317797
COCOC,76.095,0.23670000000000002,2,18.46,2,1.6897626215907493
CC1(OC(=O)N(C1=O)c2cc(Cl)cc(Cl)c2)C=C,286.11400000000003,3.4213000000000022,3,46.61,2,-0.8904082431450006
Oc1c(Br)cc(C#N)cc1Br ,276.91499999999996,2.78888,3,44.019999999999996,0,-0.12900722015637514
CC(=O)c1ccccc1,120.15099999999995,1.8892,1,17.07,1,0.8495959755343349
ClC4=C(Cl)C5(Cl)C3C1CC(C2OC12)C3C4(Cl)C5(Cl)Cl,380.913,4.481400000000002,1,12.53,0,-1.5420147612512538
CCC(C(CC)c1ccc(O)cc1)c2ccc(O)cc2,270.372,4.785200000000005,4,40.46,5,-0.654111373941634
CCCOC,74.12299999999999,1.0428,1,9.23,2,1.2744529726878626
O=N(=O)c1cc(cc(c1)N(=O)=O)N(=O)=O,213.10499999999996,1.4112,6,129.42000000000002,3,0.08103444135772844
CN(C)C(=O)Nc1ccc(C)c(Cl)c1,212.67999999999998,2.7419200000000012,2,32.34,1,-0.20204443427377936
CN(C(=O)NC(C)(C)c1ccccc1)c2ccccc2,268.36,3.767700000000003,2,32.34,3,-0.13855456840701622
NNc1ccccc1,108.14399999999998,0.9722000000000002,4,38.05,1,1.4940419824526072
c1c(NC(=O)c2ccccc2(I))cccc1,323.133,3.5435000000000016,2,29.1,2,-0.5490905431845823
CCCCCC=C,98.189,2.752700000000001,0,0.0,4,-0.31995418516919655
Oc1cccc(c1)N(=O)=O,139.10999999999999,1.3003999999999998,4,63.37,1,0.9784851769179892
c1ccc2c(c1)cc3ccc4cccc5ccc2c3c45,252.31599999999997,5.737200000000003,0,0.0,0,-2.691992858040971
CN(C)C(=O)SCCCCOc1ccccc1,253.367,3.2604000000000024,3,29.540000000000003,6,-0.41399556543801114
C=Cc1ccccc1,104.15199999999997,2.3296,0,0.0,1,0.11445016023497233
CC1(O)CCC2C3CCC4=CC(=O)CCC4(C)C3CCC21C,302.4580000000001,4.269300000000004,3,37.3,0,-0.44836601914031904
CCCOC(=O)C,102.13299999999998,0.9595,2,26.3,2,1.1169217265522848
OC3N=C(c1ccccc1)c2cc(Cl)ccc2NC3=O ,286.718,2.4478999999999997,5,61.690000000000005,1,-0.42592975075131245
ON=Cc1ccc(o1)N(=O)=O ,156.09699999999998,0.9959,6,88.87,2,0.4151916301301661
Nc1ccc(Cl)cc1,127.574,1.9222,2,26.02,0,0.6681963587721546
CC(C)CO,74.12299999999999,0.6347,2,20.23,1,1.508363004828569
CCCCCCC(C)O,130.231,2.3376000000000006,2,20.23,5,0.46292837138337145
c1ccccc1O,94.11299999999999,1.3922,2,20.23,0,1.4606262635753635
ClC(Cl)CC(=O)NC2=C(Cl)C(=O)c1ccccc1C2=O,332.57000000000005,2.8260000000000005,4,63.24,3,-0.9405318214608663
CON(C)C(=O)Nc1ccc(Br)c(Cl)c1,293.548,3.127600000000002,3,41.57,2,-0.4125634632004149
CN(C)C(=S)SSC(=S)N(C)C ,240.44400000000002,2.0608,4,6.48,0,-0.4011066452996456
CCOC=O,74.07900000000001,0.17930000000000001,2,26.3,2,1.5322313754551715
NC(=O)c1cccnc1 ,122.12699999999997,0.18050000000000016,3,55.980000000000004,1,1.7518203852199161
CC(=O)OCC(COC(=O)C)OC(=O)C,218.20499999999998,0.044299999999999784,6,78.9,5,1.1742058160561313
CCCCCCCC(=O)OCC,172.26799999999997,2.910000000000001,2,26.3,7,-0.15764926490829836
CCC(=O)Nc1ccc(Cl)c(Cl)c1,218.08299999999997,3.3419000000000016,2,29.1,2,0.028524025979202606
c1ccncc1,79.10199999999998,1.0816,1,12.89,0,1.8234254970997243
COP(=S)(OC)SCC(=O)N(C)C=O,257.27299999999997,0.8516999999999999,6,55.84,6,0.5082782755739165
O=N(=O)OCC(CON(=O)=O)ON(=O)=O ,227.08499999999998,-1.0200999999999996,9,157.11,8,0.40087060775420436
Cc1c[nH]c(=O)[nH]c1=O ,126.115,-0.6283800000000002,4,65.72,0,0.7417109403020907
CCCC(C)CO,102.17699999999999,1.4149,2,20.23,3,0.9307484356647839
CCCBr,122.993,1.7913000000000001,0,0.0,1,0.6347806398949107
CCOc1ccc(NC(=O)C)cc1,179.219,2.0437,3,38.33,3,0.3388128441250374
Clc1ccc(cc1)c2cc(Cl)ccc2Cl ,257.547,5.313800000000001,0,0.0,1,-1.5229200647499717
COc1ccccc1N(=O)=O,153.13699999999997,1.6033999999999997,3,52.37,2,0.5249861350125384
CCNc1nc(NC(C)C)nc(OC)n1,211.26899999999998,1.1322999999999996,8,71.96000000000001,5,0.4657925758585637
C=CC#N,53.06399999999999,0.6959799999999999,1,23.79,0,1.5322313754551715
CC(C)Cl,78.542,1.6336,0,0.0,0,0.7875382119051679
O=N(=O)c1ccccc1N(=O)=O,168.10799999999995,1.503,4,86.28,2,-0.0192127152740028
ClC(=C)Cl,96.94399999999999,1.9352,0,0.0,0,0.6777437070227956
CC34CCC1C(=CCc2cc(O)ccc12)C3CCC4=O,268.356,3.7375000000000025,3,37.3,0,-1.0608284094189437
CCCC(C)(C)O,102.17699999999998,1.5574,2,20.23,2,1.2267162314346574
Clc1ccc(c(Cl)c1)c2cc(Cl)c(Cl)c(Cl)c2Cl ,360.88200000000006,7.274000000000001,0,0.0,1,-2.0671189150365126
CC(C)Oc1cc(c(Cl)cc1Cl)n2nc(oc2=O)C(C)(C)C,345.22600000000017,4.217000000000003,5,57.26,3,-1.2584585182072143
CCC=O,58.08,0.5952999999999999,1,17.07,1,1.7374993628439546
CC1=CC(=O)CC(C)(C)C1 ,138.20999999999998,2.3218000000000005,1,17.07,0,0.9546168062913867
CCCO,60.096,0.3887,2,20.23,1,1.7565940593452367
CC(C)c1ccc(C)cc1,134.22199999999998,3.118420000000002,0,0.0,1,-0.3390488816704787
CCCC(=O)CC,100.16099999999999,1.7656,1,17.07,3,1.064411311173759
CC1(C)C(C=C(Cl)Cl)C1C(=O)OC(C#N)c2ccc(F)c(Oc3ccccc3)c2,434.29400000000015,6.317080000000003,4,59.32000000000001,6,-2.041818442172314
COc1cc(cc(OC)c1O)C6C2C(COC2=O)C(OC4OC3COC(C)OC3C(O)C4O)c7cc5OCOc5cc67,588.5620000000001,1.338599999999999,16,160.83,5,-0.2440527665766001
C1OC1c2ccccc2 ,120.15099999999995,1.7579,1,12.53,1,0.6968384035240777
C1CCCCC1,84.162,2.3406000000000002,0,0.0,0,-0.0192127152740028
c1ccc2c3c(ccc2c1)c4cccc5cccc3c45,252.31599999999997,5.640400000000003,0,0.0,0,-2.3583130366810656
CCC=C,56.108,1.5824,0,0.0,1,0.5345334832631795
c2ccc1scnc1c2 ,135.191,2.2962999999999996,2,12.89,0,0.744575144777283
ClCCl,84.93299999999999,1.4215,0,0.0,0,1.1598847936801697
Clc1cc(Cl)cc(Cl)c1,181.449,3.6468000000000007,0,0.0,0,-0.677979744568237
ClCCBr,143.411,1.6200999999999999,0,0.0,1,0.8305012790330527
Cc2c(N)c(=O)n(c1ccccc1)n2C,203.245,1.0666200000000003,5,52.95,1,1.162748998155362
ClC(Br)Br,208.28,2.2986000000000004,0,0.0,0,0.5536281797644617
Cc1cccc(c1)N(=O)=O,137.138,1.90322,2,43.14,1,0.29584977699715265
CC1=CCC(CC1)C(C)=C,136.238,3.308900000000002,0,0.0,1,-0.5729589138111849
OC1CCCCCCC1,128.215,2.0915999999999997,2,20.23,0,0.8448223014090143
CN2C(=O)CN=C(c1ccccc1)c3cc(Cl)ccc23,284.74600000000004,3.153800000000002,2,32.67,1,-0.33141100306996585
CC(C)N(=O)=O,89.094,0.6715,2,43.14,1,1.16465846780549
OC(C1=CC2C5C(C1C2=C(c3ccccc3)c4ccccn4)C(=O)NC5=O)(c6ccccc6)c7ccccn7 ,511.5810000000002,4.289400000000002,7,92.18,5,-0.41590503508813936
Cc3nnc4CN=C(c1ccccc1Cl)c2cc(Cl)ccc2n34,343.2170000000001,4.233520000000003,4,43.07,1,-0.4918064536807358
CBr,94.939,1.0110999999999999,0,0.0,0,1.0835060076750411
CC1(C)C(C=C(Cl)Cl)C1C(=O)OCc2cccc(Oc3ccccc3)c2,391.2940000000001,6.113300000000004,3,35.53,6,-1.542492128663786
C/C=C/C=O,70.09100000000001,0.7614000000000001,1,17.07,1,1.6133838355856205
CCCCC(C)(C)O,116.20399999999998,1.9475000000000002,2,20.23,3,0.9450694580407455
OC1C(O)C(O)C(O)C(O)C1O,180.156,-3.8346000000000005,12,121.38000000000001,0,1.6277048579615823
CC(=O)Nc1ccccc1,135.16599999999997,1.6449999999999998,2,29.1,1,0.8257276049077321
CC1=C(CCCO1)C(=O)Nc2ccccc2 ,217.26800000000003,2.709500000000001,3,38.33,2,0.23856568749330617
Clc1ccccc1Br,191.45499999999998,3.1025,0,0.0,0,-0.06217578240188756
Nc1cccc2ccccc12,143.189,2.4220000000000006,2,26.02,0,0.5440808315138206
Clc1ccc(cc1)C(c2ccc(Cl)cc2)C(Cl)(Cl)Cl,354.491,6.495500000000002,0,0.0,2,-1.9525507360288203
CC(C)SC(C)C,118.24499999999999,2.5364000000000004,1,0.0,2,0.3913232595035633
CCCCCCCCC,128.259,3.7569000000000026,0,0.0,6,-1.3462941221131117
CCCCC(=O)C,100.16099999999999,1.7656,1,17.07,3,1.0787323335497205
C=CC=C,54.09199999999999,1.3584,0,0.0,1,0.5679492021404231
O=C1NC(=O)NC(=O)C1(CC)c1ccccc1,232.239,0.7003999999999997,5,75.27000000000001,2,0.35217913167593495
CC(=O)OC3CCC4C2CCC1=CC(=O)CCC1(C)C2CCC34C ,330.4680000000001,4.450000000000004,3,43.370000000000005,1,-1.0140464029908025
COP(=S)(OC)Oc1ccc(N(=O)=O)c(C)c1,277.238,2.7993200000000007,6,70.83000000000001,5,-0.4679380830541332
FC(F)(Cl)C(F)(Cl)Cl,187.37500000000003,2.9189,0,0.0,1,0.009429329477920443
c1c(Br)ccc2ccccc12 ,207.07000000000002,3.6023000000000014,0,0.0,0,-0.6397903515656727
c1(Br)c(Br)cc(Br)cc1,314.802,3.974100000000001,0,0.0,0,-0.6875270928188778
CC(C)C1CCC(C)CC1O ,156.269,2.439500000000001,2,20.23,1,0.2528867098692679
CCOP(=S)(CC)Oc1cc(Cl)c(Cl)cc1Cl,333.60400000000004,5.391500000000002,3,18.46,5,-1.2851910933090094
CC(C)NC(=O)N1CC(=O)N(C1=O)c2cc(Cl)cc(Cl)c2,330.17100000000005,2.880000000000001,4,69.72,2,-0.6283335336649033
Clc1ccccc1I,238.45499999999998,2.9446000000000003,0,0.0,0,-0.22925437678810637
CC(C)=CC3C(C(=O)OCc2cccc(Oc1ccccc1)c2)C3(C)C ,350.4580000000001,5.760500000000005,3,35.53,6,-1.0407789780925976
CCN(CC)C(=S)SCC(Cl)=C,223.79399999999998,3.0988000000000016,2,3.24,4,-0.15764926490829836
CC(C)Br,122.993,1.7897,0,0.0,0,0.7016120776493981
CC5(C)OC4CC3C2CCC1=CC(=O)C=CC1(C)C2(F)C(O)CC3(C)C4(O5)C(=O)CO ,434.50400000000025,2.4188000000000005,8,93.06000000000002,2,-0.5968272844377874
CC34CCC1C(CC=C2CC(O)CCC12C)C3CCC4=O,288.43100000000004,3.8792000000000026,3,37.3,0,-0.5061274760566975
ClC(Cl)Cl,119.37800000000001,1.9864,0,0.0,0,0.9021063909128608
Cc1cc(=O)[nH]c(=S)[nH]1,142.18300000000002,0.74091,4,48.65,0,0.2977592466472809
CCCCCCCCCCCCCCCCCCCC,282.5559999999999,8.048000000000007,0,0.0,17,-2.4404202316365793
CC(=O)C(C)(C)C,100.16099999999999,1.6215,1,17.07,0,1.1169217265522848
CCCCCOC(=O)C,130.18699999999998,1.7397,2,26.3,4,0.5584018538897821
O=C2NC(=O)C1(CCCCCCC1)C(=O)N2,224.25999999999996,1.0831,5,75.27,0,0.037116639404779474
c2c(C)cc1nc(C)ccc1c2 ,157.216,2.8516400000000006,1,12.89,0,0.5345334832631795
CCCCCC=O,100.16099999999999,1.7656,1,17.07,4,0.8400486272836938
CC(=O)C3(C)CCC4C2C=C(C)C1=CC(=O)CCC1(C)C2CCC34C,340.5070000000001,5.279700000000005,2,34.14,1,-1.055100000468559
c1ccccc1NC(=O)c2c(O)cccc2,213.23600000000002,2.6445,4,49.33,2,-0.25312274741470897
CCNc1nc(NC(C)C)nc(SC)n1,227.337,1.8455999999999997,8,62.730000000000004,5,0.009429329477920443
O=C1NC(=O)C(=O)N1 ,114.05999999999999,-1.6476000000000002,5,75.27,0,1.269679298562542
COc1cccc(Cl)c1,142.58499999999998,2.3486000000000002,1,9.23,1,0.1335448567362545
NC(=O)NCc1ccccc1 ,150.18099999999998,0.8548999999999998,3,55.120000000000005,2,1.0071272216699128
COc2ncc1nccnc1n2,162.152,0.42839999999999984,5,60.790000000000006,1,0.9307484356647839
CCCCCCCCCO,144.258,2.7293000000000016,2,20.23,7,0.02375035185388217
c1ccccc1,78.11399999999999,1.6866,0,0.0,0,0.6777437070227956
CNC(=O)Oc1ccccc1C2OCCO2,223.22799999999995,1.4502,5,56.790000000000006,2,0.7111594259000392
CC(=O)Nc1cc(NS(=O)(=O)C(F)(F)F)c(C)cc1C,310.297,2.52334,5,75.27000000000001,3,-0.08604415302849037
CC12CCC(CC1)C(C)(C)O2 ,154.253,2.7441000000000013,1,9.23,0,0.6777437070227956
O=C1N(COC(=O)C)C(=O)C(N1)(c2ccccc2)c3ccccc3,324.33600000000007,2.0025999999999993,5,75.71,4,-0.6732060704429161
CC13CCC(=O)C=C1CCC4C2CCC(C(=O)CO)C2(CC(O)C34)C=O ,360.45000000000005,1.8457,7,91.67000000000002,3,-0.37723827467304305
Fc1c[nH]c(=O)[nH]c1=O ,130.078,-0.7977000000000001,4,65.72,0,0.9465015602783418
OCC(O)C2OC1OC(OC1C2O)C(Cl)(Cl)Cl ,309.529,-0.46289999999999937,9,88.38000000000001,2,0.5822702245163848
Cc1cc(ccc1NS(=O)(=O)C(F)(F)F)S(=O)(=O)c2ccccc2,379.38100000000003,3.0893200000000016,5,80.31,4,-0.3533699040464402
c2ccc1[nH]ncc1c2 ,118.13899999999998,1.5629,2,28.68,0,0.4295126525061276
ClC(=C(Cl)Cl)Cl,165.834,3.0682,0,0.0,0,0.24811303574394725
CCN(CC)C(=O)C(=CCOP(=O)(OC)OC)Cl,299.6909999999999,2.3950000000000005,5,65.07000000000001,8,1.7102894203296277
O=C1NC(=O)NC(=O)C1(CC)CC=C(C)C,224.25999999999996,1.1050999999999993,5,75.27000000000001,3,0.3851174831406466
Cc1ccc(C)c2ccccc12,156.228,3.456640000000002,0,0.0,0,-0.5156748243073384
CCC(=C(CC)c1ccc(O)cc1)c2ccc(O)cc2 ,268.356,4.828600000000005,4,40.46,4,-0.4822591054300949
Cc1[nH]c(=O)n(c(=O)c1Cl)C(C)(C)C,216.66799999999998,1.2534200000000002,4,54.86,0,0.27484561084574227
Cc1ncnc2nccnc12,146.15299999999996,0.7282199999999999,4,51.56,0,1.2381730493354264
CC(C)CBr,137.01999999999998,2.0373,0,0.0,1,0.3006234511224731
CCC(=O)OC,88.106,0.5694,2,26.3,1,1.3937948258208759
CC(C)COC=O,102.13299999999998,0.8154,2,26.3,3,0.9784851769179892
CCc1ccc(C)cc1,120.19499999999996,2.5574200000000005,0,0.0,1,-0.023986389399323235
Clc1cc(Cl)c(Cl)c(Cl)c1,215.894,4.3002,0,0.0,0,-0.7495848564480447
CCC#N,55.07999999999999,0.91998,1,23.79,0,1.5942891390843383
C1Cc2c3c1cccc3cc4c2ccc5ccccc54,254.33199999999997,5.244800000000004,0,0.0,0,-2.2867079248012576
Clc1ccc(Cl)cc1,147.00400000000002,2.993400000000001,0,0.0,0,-0.10036517540445189
Brc1ccc2ccccc2c1,207.07,3.6023000000000014,0,0.0,0,-0.6397903515656727
CCCCC(C)CC,114.23199999999999,3.2227000000000023,0,0.0,4,-1.0025895850900333
Oc1ccc(Cl)c(Cl)c1,163.00300000000001,2.6990000000000007,2,20.23,0,0.8639169979102964
CCCCl,78.542,1.6352,0,0.0,1,0.7588961671532447
CCCCCCCCCCCCCCCC,226.44799999999992,6.487600000000007,0,0.0,13,-2.5492600016938876
CCN2c1nc(C)cc(C)c1NC(=O)c3cccnc23 ,268.32,2.817140000000001,5,58.120000000000005,1,-0.7133049330956085
Oc1ccc(Cl)cc1C(=O)Nc2ccc(cc2Cl)N(=O)=O,327.1230000000001,3.8595000000000006,6,92.47,3,-0.7830005753252887
c2cnc1ncncc1n2,132.12599999999998,0.41979999999999984,4,51.56,0,1.4701736118260045
Cc1cc(C)c2ccccc2c1,156.22799999999998,3.456640000000002,0,0.0,0,-0.5872799361871466
Cn2c(=O)on(c1ccc(Cl)c(Cl)c1)c2=O,261.064,1.4359999999999997,5,57.14,1,0.11445016023497233
CCCCOCCCC,130.231,2.603200000000001,1,9.23,6,0.5774965503910643
COC(=O)C1=C(C)NC(=C(C1c2ccccc2N(=O)=O)C(=O)OC)C ,346.33900000000017,2.1756,8,107.77,4,-0.8116426200772117
CCOC(=O)c1ccc(O)cc1,166.176,1.5689,4,46.53,2,0.3388128441250374
CCCC(C)C1(CC)C(=O)NC(=S)NC1=O ,242.34400000000002,1.3498999999999999,5,58.2,4,-0.14332824253233664
CC(=O)N,59.068,-0.5084,2,43.09,0,2.214866775376008
Clc1ccc(cc1Cl)c2cc(Cl)c(Cl)c(Cl)c2Cl ,360.88200000000006,7.274,0,0.0,1,-2.2723869024252963
CCOC(=O)N(C)C(=O)CSP(=S)(OCC)OCC,329.3800000000001,2.6320000000000006,7,65.07000000000001,8,0.25861511881965255
CN(C)C(=O)OC1=CC(=O)CC(C)(C)C1 ,211.26099999999994,1.9576,3,46.61,1,1.0548639629231178
CCCCOc1ccc(C(=O)OCC)c(c1)N(CC)CC ,293.40700000000004,3.8884000000000034,4,38.77,9,-0.3724646005477224
CC=C,42.080999999999996,1.1923000000000001,0,0.0,0,0.9450694580407455
NS(=O)(=O)c2cc1c(N=CNS1(=O)=O)cc2Cl ,295.72900000000004,-0.06089999999999923,7,118.69,1,0.004655655352600008
CCC1(CCC(C)C)C(=O)NC(=O)NC1=O,226.27599999999998,1.1849999999999998,5,75.27000000000001,4,0.2824834894462552
ClC(Cl)(Cl)Cl,153.823,2.5529,0,0.0,0,0.3579075406263196
COC(=O)Nc1cccc(OC(=O)Nc2cccc(C)c2)c1,300.314,3.784220000000002,6,76.66,3,-0.8331241536411541
Cc1ccc(C)cc1,106.16799999999999,2.30344,0,0.0,0,0.13831853086157495
CC(C)N(C(=O)CCl)c1ccccc1 ,211.69200000000004,2.666800000000001,1,20.310000000000002,3,0.2767550804958705
CC(C)I,169.993,1.8298,0,0.0,0,0.46292837138337145
ClC(Cl)C(Cl)(Cl)Cl,202.29500000000002,3.1603000000000003,0,0.0,0,0.21947099099202402
CCCCCl,92.56899999999999,2.0253,0,0.0,2,0.49157041613529473
Cc1cc2ccccc2cc1C,156.22799999999998,3.456640000000002,0,0.0,0,-0.7925479235759295
O=C1c2ccccc2C(=O)c3ccccc13,208.21599999999998,2.4620000000000006,2,34.14,0,-1.016910607465995
CCN(=O)=O,75.067,0.2829999999999999,2,43.14,1,1.3556054328183116
CCc1ccc2ccccc2c1,156.22799999999998,3.4022000000000014,0,0.0,1,-0.5872799361871466
CCN2c1ccccc1N(C)C(=O)c3ccccc23 ,252.31699999999995,3.4346000000000023,2,23.55,1,-0.806391578539359
CC(C)OC(C)C,102.17699999999999,1.8197999999999999,1,9.23,2,0.9355221097901044
Cc1ccc(cc1N(=O)=O)N(=O)=O,182.135,1.8114200000000005,4,86.28,2,0.11445016023497233
CCCCC=C,84.16199999999999,2.3626000000000005,0,0.0,3,-0.08127047890316973
CC(C)OC=O,88.106,0.5678,2,26.3,2,1.1598847936801697
Clc1ccc(cc1)c2ccccc2Cl ,223.102,4.660400000000002,0,0.0,1,-1.0598736745938797
CC1=CCCCC1,96.17300000000002,2.5067000000000004,0,0.0,0,-0.10036517540445189
COc2cnc1ncncc1n2,162.15200000000002,0.42839999999999984,5,60.790000000000006,1,0.9169047807013544
CC(=O)Nc1ccc(cc1)N(=O)=O,180.16299999999998,1.5531999999999997,4,72.24000000000001,2,0.17555318903907505
Oc1ccccc1N(=O)=O,139.10999999999999,1.3004000000000002,4,63.37,1,0.6300069657695901
C(Cc1ccccc1)c2ccccc2,182.266,3.4718000000000018,0,0.0,3,-0.7448111823227244
CCC2NC(=O)c1cc(c(Cl)cc1N2)S(N)(=O)=O,289.7440000000001,0.8788,7,101.28999999999999,2,-0.10991252365509296
COC=O,60.05200000000001,-0.2108000000000001,2,26.3,1,1.7374993628439546
Clc1cc(Cl)c(Cl)c(Cl)c1Cl,250.339,4.9536,0,0.0,0,-1.2364996172307396
CC34CCC1C(CCc2cc(O)ccc12)C3CCC4(O)C#C ,296.41,3.6126000000000023,4,40.46,0,-0.5920536103124671
CCNc1nc(Cl)nc(NC(C)C)n1,215.68800000000002,1.7770999999999997,7,62.730000000000004,4,-0.37723827467304305
OCC1OC(CO)(OC2OC(COC3OC(CO)C(O)C(O)C3O)C(O)C(O)C2O)C(O)C1O,504.43800000000005,-7.571399999999989,27,268.67999999999995,8,1.2649056244372214
c1ccccc1SC,124.208,2.408500000000001,1,0.0,1,0.3197181476237553
Cc1ccncc1C,107.15599999999999,1.69844,1,12.89,0,1.6324785320869026
CN(C=Nc1ccc(C)cc1C)C=Nc2ccc(C)cc2C,293.41400000000004,4.871880000000004,2,27.96,4,-1.1505734829749696
Nc1cc(nc(N)n1=O)N2CCCCC2 ,209.25299999999996,-0.1303000000000003,7,95.10999999999999,1,0.5111424800491088
Clc1cccc(Cl)c1Cl,181.44899999999998,3.6468000000000007,0,0.0,0,-0.448843386552851
Brc1ccc(Br)cc1,235.90599999999998,3.2116000000000007,0,0.0,0,-0.4822591054300949
Cc1c(C)c(C)c(C)c(C)c1C,162.27599999999998,3.5371200000000025,0,0.0,0,-1.0360053039672772
COP(=O)(OC)C(O)C(Cl)(Cl)Cl,257.437,2.1609000000000003,5,55.760000000000005,3,1.3556054328183116
Sc1ccccc1,110.18099999999997,1.9752999999999996,2,0.0,0,0.44860734900740973
C1OC(O)C(O)C(O)C1O,150.13,-2.5823000000000005,9,90.15,0,1.6467995544628644
ClC1(C(=O)C2(Cl)C3(Cl)C14Cl)C5(Cl)C2(Cl)C3(Cl)C(Cl)(Cl)C45Cl,490.6390000000001,4.6182,1,17.07,0,-1.0498489589307067
Cc1ccccc1N(=O)=O,137.138,1.9032200000000001,2,43.14,1,0.3483601923756785
CCCCCCOC(=O)c1ccccc1C(=O)OCCCCCC,334.45600000000024,5.160800000000005,4,52.60000000000001,12,-1.472319119021574
Clc1cccc(c1)c2cc(Cl)ccc2Cl ,257.547,5.313800000000001,0,0.0,1,-1.4083518857422788
CCCCCCCCCC(=O)OC,186.295,3.3001000000000023,2,26.3,8,-0.7782269011999682
O=c2[nH]c1CCCc1c(=O)n2C3CCCCC3,234.29899999999995,1.5305,4,54.86,1,-0.7323996295968906
Nc1ccc(cc1)S(N)(=O)=O,172.20899999999997,-0.08379999999999999,5,86.18,1,0.8209539307824116
CCOCCOCC,118.176,1.0594000000000001,2,18.46,5,1.093053355925682
CCOC(=O)CC(SP(=S)(OC)OC)C(=O)OCC,330.3640000000001,2.1218000000000004,8,71.06,9,-0.1481019166576573
CC(C)CCOC=O,116.15999999999998,1.2055,2,26.3,4,0.735027796526642
CCCCCCC,100.205,2.976700000000002,0,0.0,4,-0.7018481151948396
Nc1nc(O)nc2nc[nH]c12 ,151.129,-0.3593,8,100.71000000000001,0,-0.1629003064461508
Nc1ncnc2n(ccc12)C3OC(CO)C(O)C3O ,266.257,-1.3750000000000007,12,126.65,2,0.5297598091378589
CNC(=O)Oc1cccc2CC(C)(C)Oc12,221.25599999999994,2.1183,4,47.56,1,0.12399750848561342
Oc1cc(Cl)cc(Cl)c1Cl,197.44799999999998,3.3523999999999994,2,20.23,0,0.18605527211478035
COc1ncnc2nccnc12 ,162.15200000000002,0.4283999999999998,5,60.790000000000006,1,0.9307484356647839
CCCCN(C)C(=O)Nc1ccc(Cl)c(Cl)c1,275.179,4.257200000000004,2,32.34,4,-0.8164162942025321
CC(=C)C1CC=C(C)C(=O)C1,150.22099999999998,2.4879000000000007,1,17.07,1,0.477249393759333
CC(C)OC(=O)C(O)(c1ccc(Br)cc1)c2ccc(Br)cc2 ,428.12000000000006,4.3991000000000025,4,46.53,4,-0.8927950802076607
NC(=O)c1ccccc1,121.13899999999995,0.7855000000000001,2,43.09,1,1.002353547544592
C1CCC=CC1,82.146,2.1166,0,0.0,0,0.22424466511734467
Cc1cccc(C)c1C,120.195,2.611860000000001,0,0.0,0,-0.06694945652720821
Oc1ccc(O)cc1,110.11199999999998,1.0977999999999999,4,40.46,0,1.3794738034449143
Cc3cc2nc1c(=O)[nH]c(=O)nc1n(CC(O)C(O)C(O)CO)c2cc3C,376.36900000000014,-1.7235599999999989,14,161.56,5,-0.29847265160525416
OCC1OC(O)C(O)C(O)C1O,180.156,-3.2214000000000005,11,110.38000000000001,1,1.8138781488490832
Fc1cccc(F)c1,114.094,1.9648,0,0.0,0,0.5058914385112563
OC1C=CC2C1C3(Cl)C(=C(Cl)C2(Cl)C3(Cl)Cl)Cl ,354.8749999999999,3.995,2,20.23,0,-1.1457998088496493
C=CC=O,56.064,0.37129999999999996,1,17.07,1,1.732725688718634
Clc1ccc(Cl)c(c1)c2ccc(Cl)c(Cl)c2,291.992,5.967200000000002,0,0.0,1,-2.0002874772820256
Nc1ccc(O)cc1,109.12799999999999,0.9743999999999999,4,46.25,0,1.0787323335497205
O=C1NC(=O)NC(=O)C1(CC)C(C)CC,212.24899999999997,0.7948999999999993,5,75.27000000000001,3,0.3197181476237553
CCOP(=S)(OCC)N2C(=O)c1ccccc1C2=O,299.28800000000007,2.5801000000000007,5,55.84,5,-0.13855456840701622
CON(C)C(=O)Nc1ccc(Cl)c(Cl)c1,249.09699999999998,3.0185000000000013,3,41.57,2,-0.25407748223977317
CCc1ccc(CC)cc1,134.22199999999998,2.811400000000001,0,0.0,2,-0.3295015334198376
CCC(C)(O)CC,102.17699999999998,1.5574,2,20.23,2,1.2887739950638242
COc1ccccc1,108.13999999999997,1.6952,1,9.23,1,0.5774965503910643
c1cc2ccc3ccc4ccc5ccc6ccc1c7c2c3c4c5c67,300.36000000000007,6.919200000000002,0,0.0,0,-2.9941664301737614
ClC2=C(Cl)C3(Cl)C1C=CCC1C2(Cl)C3(Cl)Cl ,338.876,5.024200000000001,0,0.0,0,-1.2317259431054188
CNC(=O)Oc1cccc(N=CN(C)C)c1,221.26,1.6262,4,53.93,3,0.3435865182503581
CC12CCC3C(CCc4cc(O)ccc34)C2CCC1=O,270.372,3.817400000000003,3,37.3,0,-0.42736185298890866
CCCC=C(CC)C=O,126.19899999999998,2.3218000000000005,1,17.07,4,0.2863024287465116
COc2c1occc1c(OC)c3c(=O)cc(C)oc23 ,260.24499999999995,2.8648200000000017,5,61.81,2,0.018499310316029312
c1ccccc1C(O)C(O)c2ccccc2,214.264,2.4536000000000007,4,40.46,3,0.5393071573885
CNC(=O)ON=C(SC)C(=O)N(C)C,219.266,0.10709999999999997,6,70.99999999999999,1,1.511227209303761
Nc2nc1[nH]cnc1c(=O)[nH]2 ,151.129,-0.7716000000000003,7,100.44999999999999,0,-0.24978117552698476
CCc1cccc(C)c1N(C(C)COC)C(=O)CCl ,283.7989999999999,3.1641200000000014,2,29.54,6,0.1574132273628571
Cc1c2ccccc2cc3ccccc13,192.261,4.301420000000003,0,0.0,0,-1.3510677962384323
COC(=O)c1cc(O)c(O)c(O)c1 ,184.147,0.5899999999999996,8,86.99000000000001,1,0.868690672035617
CCC(C)CC,86.178,2.442500000000001,0,0.0,2,-0.2960858145425939
ClC(Cl)C(Cl)Cl,167.85,2.5938,0,0.0,1,0.6300069657695901
CCC(C)(C)CC,100.20499999999998,2.832600000000001,0,0.0,2,-0.5586378914352236
O=N(=O)c1cc(Cl)c(Cl)cc1,192.001,2.901600000000001,2,43.14,1,-0.06694945652720821
CCCC(O)CC,102.17699999999999,1.5574,2,20.23,3,1.0787323335497205
c2(Cl)c(Cl)c(Cl)c1nccnc1c2(Cl) ,267.93,4.2434,2,25.78,0,-1.1314787864736875
CN(C)C(=O)C(c1ccccc1)c2ccccc2 ,239.318,2.9067000000000016,1,20.310000000000002,3,0.038071374229843684
OCCOc1ccccc1,138.16599999999997,1.0576999999999999,3,29.46,3,1.126469074802926
ClCCCCl,112.98700000000001,1.8540999999999999,0,0.0,2,0.6872910552734366
CCC(O)(CC)CC,116.204,1.9475,2,20.23,3,1.0548639629231178
CC1CC2C3CCC(O)(C(=O)C)C3(C)CC(O)C2(F)C4(C)C=CC(=O)C=C14,376.46800000000013,2.923300000000001,6,74.6,1,-0.4961027603935244
C1CCCCCCC1,112.21600000000001,3.120800000000002,0,0.0,0,-0.5204484984326593
COc5cc4OCC3Oc2c1CC(Oc1ccc2C(=O)C3c4cc5OC)C(C)=C ,394.42300000000023,3.7033000000000023,6,63.22,3,-0.6493376998163135
BrC(Br)Br,252.731,2.4547,0,0.0,0,0.5488545056391411
CC(C)(C)Cc1ccccc1,148.249,3.2752000000000017,0,0.0,1,-0.5204484984326593
CC(Cl)(Cl)Cl,133.405,2.376500000000001,0,0.0,0,0.5058914385112563
CNC(=O)C(C)SCCSP(=O)(OC)(OC),287.34299999999996,1.9881999999999997,7,64.63000000000001,8,2.0067345835120327
O=C1CCCN1,85.10600000000001,-0.10360000000000008,2,29.1,0,1.9714093949846607
Nc3cc2c1ccccc1ccc2c4ccccc34 ,243.309,4.728400000000002,2,26.02,0,-1.4990516941233691
Cc1c(cc(cc1N(=O)=O)N(=O)=O)N(=O)=O,227.13199999999998,1.7196200000000006,6,129.42000000000002,3,-0.07649680477784929
CCCOC=O,88.10599999999998,0.5694,2,26.3,3,1.2267162314346574
Oc1cccc2cccnc12 ,145.16099999999997,1.9403999999999995,3,33.120000000000005,0,0.3053971252477937
Oc1ccc(Br)cc1,173.00900000000001,2.1547,2,20.23,0,0.940295783915425
C1Cc2ccccc2C1,118.17899999999997,2.1753,0,0.0,0,0.009429329477920443
COP(=O)(OC)OC(=CCl)c1cc(Cl)c(Cl)cc1Cl,365.96400000000006,5.6015000000000015,4,44.760000000000005,5,-0.6980291758945831
CC(C)CCC(C)(C)C,128.259,3.468700000000003,0,0.0,2,-0.9500791697115073
N(Nc1ccccc1)c2ccccc2 ,184.242,3.1256000000000013,4,24.06,3,0.06671341898176693
CCCCC(C)O,102.17699999999998,1.5574,2,20.23,3,1.0357692664218356
CCOP(=S)(OCC)Oc1nc(Cl)n(n1)C(C)C,313.747,3.1887000000000016,7,58.4,7,-0.28558373146688865
CC2Nc1cc(Cl)c(cc1C(=O)N2c3ccccc3C)S(N)(=O)=O ,365.8420000000001,2.7141199999999994,6,92.5,2,-0.3438225557957991
O=Cc2ccc1OCOc1c2 ,150.13299999999998,1.2278,3,35.53,1,0.6825173811481161
O=C1NC(=O)C(=O)C(=O)N1 ,142.07,-2.0785,6,92.34,0,0.8639169979102964
CCCCCOC(=O)CC,144.21399999999997,2.1298000000000004,2,26.3,5,0.8495959755343349
CCN2c1ncccc1N(C)C(=O)c3cccnc23 ,254.29299999999998,2.2245999999999997,4,49.330000000000005,1,0.20992364274138292
N#Cc1ccccc1,103.12399999999997,1.5582799999999999,1,23.79,0,0.9832588510433099
CN(C)C(=O)Oc1nc(nc(C)c1C)N(C)C,238.29099999999997,1.2198399999999998,5,58.56000000000001,2,0.5297598091378589
CCCCCCCCCCCCCCCO,228.41999999999993,5.069900000000006,2,20.23,13,-1.570656806003177
COc1ccc(C=CC)cc1,148.20499999999998,2.728300000000001,1,9.23,2,-0.03353373764996432
CC(O)C(C)(C)C,102.17699999999999,1.4133,2,20.23,0,1.16465846780549
CC(=O)C1(O)CCC2C3CCC4=CC(=O)CCC4(C)C3CCC21C,330.4680000000001,3.8384000000000027,4,54.37,1,-0.3614851500594853
O=C1N(COC(=O)CCC)C(=O)C(N1)(c2ccccc2)c3ccccc3,352.39000000000004,2.782800000000001,5,75.71,6,-0.9601038853746807
Oc1ccc(c(O)c1)c3oc2cc(O)cc(O)c2c(=O)c3O ,302.23800000000006,1.9879999999999995,12,131.35999999999999,1,-0.011097469260957935
ClC1=C(Cl)C(Cl)(C(=C1Cl)Cl)C2(Cl)C(=C(Cl)C(=C2Cl)Cl)Cl,474.64,7.725599999999999,0,0.0,1,-2.0136537648329225
CCOP(=S)(OCC)SCSCC,260.38599999999997,3.727700000000003,5,18.46,8,-0.5013538019313771
CCC(O)C(C)C,102.17699999999999,1.4133,2,20.23,2,1.126469074802926
Clc1cccc(n1)C(Cl)(Cl)Cl,230.909,3.5617,1,12.89,0,-0.33427520754515805
Nc1ccc(cc1)c2ccc(N)cc2,184.242,2.518,4,52.04,1,0.17173424973881862
Cc1ccccc1Br,171.03699999999998,2.7575200000000013,0,0.0,0,0.39609693362888393
CCC(C)C(C)C,100.20499999999998,2.6885000000000012,0,0.0,2,-0.5825062620618262
Clc1ccc(c(Cl)c1Cl)c2c(Cl)cc(Cl)c(Cl)c2Cl ,395.3270000000001,7.9274000000000004,0,0.0,1,-2.1960081164201677
CCCCC(O)CC,116.20399999999998,1.9475,2,20.23,4,0.7588961671532447
CCOC(=O)c1ccc(N)cc1,165.19199999999998,1.4455,4,52.32,2,0.21183311239151115
CC1(C)C2CCC1(C)C(O)C2,154.253,2.1935000000000002,2,20.23,0,0.35313386650099915
Cc1cc(C)c(C)cc1C,134.22199999999998,2.9202800000000018,0,0.0,0,-0.7304901599467626
C,16.043,0.6361,0,0.0,0,1.0309955922965153
CCOP(=S)(OCC)SCSC(C)(C)C,288.44,4.506300000000004,5,18.46,7,-0.8092557830145515
CCC1(CC)C(=O)NC(=O)N(C)C1=O ,198.22199999999998,0.5009999999999999,4,66.48,2,0.39609693362888393
CCOC(C)OCC,118.176,1.4054,2,18.46,4,1.2553582761865805
Nc1nc[nH]n1,84.082,-0.6131000000000002,5,67.59,0,1.7098120529170955
c1ccc2cc3cc4ccccc4cc3cc2c1,228.29399999999998,5.146200000000003,0,0.0,0,-2.6447334842002976
Cc1cccc2c(C)cccc12,156.228,3.456640000000002,0,0.0,0,-0.7729758596621151
Oc1ccc(Cl)cc1Cl,163.003,2.699,2,20.23,0,0.7207067741506803
Clc1cccc(Cl)c1c2c(Cl)cccc2Cl ,291.99199999999996,5.967200000000002,0,0.0,1,-2.0671189150365126
OC(C(=O)c1ccccc1)c2ccccc2,212.248,2.602900000000001,3,37.3,3,0.1001291378590106
CCN2c1nc(N(C)(CCO))ccc1NC(=O)c3cccnc23 ,313.36100000000005,1.6287999999999996,8,81.59000000000002,4,-0.14332824253233664
CN(C)C(=O)N(C)C ,116.16399999999999,0.22960000000000003,1,23.550000000000004,0,1.909351631355494
CCCCCC(C)O,116.20399999999998,1.9475000000000002,2,20.23,4,0.7207067741506803
Fc1ccccc1,96.10399999999998,1.8256999999999999,0,0.0,0,0.6013649210176669
c1(O)c(C)ccc(C(C)C)c1,150.22099999999998,2.824020000000001,2,20.23,1,0.46770204550869193
Oc1c(Cl)c(Cl)c(Cl)c(Cl)c1Cl,266.33799999999997,4.6592,2,20.23,0,-0.5825062620618262
O=C1NC(=O)NC(=O)C1(C)C,156.141,-0.6214000000000004,5,75.27000000000001,0,0.6290522309445261
CCCOCC,88.14999999999999,1.4329,1,9.23,3,1.145563771304208
CCOCC,74.123,1.0428000000000002,1,9.23,2,1.4176631964474788
CNC(=O)Oc1cc(C)cc(C)c1,179.219,2.02164,3,38.33,1,0.2285409718301329
CC34CC(O)C1(F)C(CCC2=CC(=O)CCC12C)C3CCC4(O)C(=O)CO ,380.45600000000013,1.8737,8,94.83,2,-0.17674396140958054
CCNc1nc(Cl)nc(NC(C)(C)C#N)n1,240.698,1.6708799999999997,8,86.52,4,-0.043081085900605394
Oc2ncc1nccnc1n2,148.125,0.1253999999999998,6,71.79,0,0.5311919113754551
NS(=O)(=O)c2cc1c(NC(NS1(=O)=O)C(Cl)Cl)cc2Cl ,380.66200000000003,0.8210000000000011,8,118.35999999999999,2,0.1812815979894597
Clc1ccccc1,112.55899999999997,2.34,0,0.0,0,0.3244918217490759
FC(F)(Cl)C(F)(F)Cl,170.92000000000002,2.6495999999999995,0,0.0,1,0.15263955323753645
N(c1ccccc1)c2ccccc2,169.227,3.430200000000002,2,12.03,2,-0.21206914993695242
Brc1ccccc1,157.01,2.4491000000000005,0,0.0,0,0.24333936161862682
CCCCCCCCOC(=O)c1ccccc1C(=O)OCCCCCCCC ,390.56400000000036,6.721200000000008,4,52.60000000000001,16,-0.9811080515260909
O=N(=O)c1c(Cl)c(Cl)ccc1,192.00100000000003,2.901600000000001,2,43.14,1,-0.20061233203618312
CCS,62.137,0.9360999999999999,2,0.0,0,1.1742058160561313
c1ccc(cc1)c2ccccc2,154.21199999999996,3.353600000000002,0,0.0,1,-0.6135351438764094
CCCCS,90.19099999999999,1.7163,2,0.0,2,0.4199653042554865
Clc2ccc(Oc1ccc(cc1)N(=O)=O)c(Cl)c2,284.09799999999996,4.693900000000003,3,52.37,3,-1.1457998088496493
CCCOP(=S)(OCCC)SCC(=O)N1CCCCC1C,353.4900000000001,4.198300000000004,5,38.77,9,-0.5204484984326593
O=C1NC(=O)NC(=O)C1(CC)C(C)CCC,226.27599999999995,1.1849999999999992,5,75.27000000000001,4,0.3197181476237553
c1ccsc1,84.14299999999999,1.7480999999999998,1,0.0,0,0.8257276049077321
CC(C)C(=O)C(C)C,114.18799999999997,1.8675,1,17.07,2,0.8400486272836938
COc1ccccc1Cl,142.58499999999998,2.3486000000000002,1,9.23,1,0.2863024287465116
Cc2cccc3sc1nncn1c23 ,189.24300000000002,2.25242,4,30.19,0,0.4724757196340126
CCCc1ccccc1,120.19499999999995,2.639100000000001,0,0.0,2,-0.1481019166576573
CC=CC=O,70.09100000000001,0.7614000000000001,1,17.07,1,1.6133838355856205
CCCCc1c(C)nc(NCC)[nH]c1=O,209.29299999999998,1.85272,5,57.78,5,0.015157738428305092
CC(C)=CCCC(C)=CC(=O),152.237,2.878000000000001,1,17.07,4,0.477249393759333
CC(=O)OCC(=O)C1(O)CCC2C3CCC4=CC(=O)CCC4(C)C3C(O)CC21C,404.5030000000002,2.3524000000000003,8,100.90000000000002,3,-0.8689267095810582
Clc1ccc(I)cc1,238.45499999999998,2.944600000000001,0,0.0,0,-0.4631644089288128
Cc1ccc(O)cc1C,122.16699999999999,2.0090399999999997,2,20.23,0,0.8018592342811295
Oc1c(Cl)cc(Cl)c(Cl)c1Cl,231.89299999999997,4.005799999999999,2,20.23,0,-0.0192127152740028
COc1ccccc1OCC(O)COC(N)=O,241.24299999999994,0.5302000000000002,7,91.00999999999999,6,0.9904193622312907
CCCCCCC(=O)OCC,158.24099999999999,2.5199000000000007,2,26.3,6,0.15263955323753645
Oc1cc(Cl)c(Cl)cc1Cl,197.448,3.3524000000000003,2,20.23,0,0.405644281879525
Clc1cccc(Cl)c1c2ccccc2 ,223.102,4.660400000000003,0,0.0,1,-1.026457955716636
CN(C)C(=O)Nc1ccccc1,164.208,1.7801,2,32.34,1,0.6968384035240777
c1(C#N)c(Cl)c(C#N)c(Cl)c(Cl)c(Cl)1,265.914,4.043559999999999,2,47.58,0,-1.2317259431054188
CNN,46.073,-0.9205000000000001,4,38.05,0,2.1002985963683156
ClCBr,129.384,1.5776,0,0.0,0,1.0357692664218356
CCC(C)(C)Cl,106.59599999999999,2.4138,0,0.0,1,0.262434058119909
C/C1CCCCC1\C,112.216,2.832600000000001,0,0.0,0,-0.5920536103124671
Nc1c(C)c[nH]c(=O)n1 ,125.13099999999999,-0.33948000000000017,5,71.77000000000001,0,0.7646245761036292
CC(C)N(C(C)C)C(=O)SCC(=CCl)Cl,270.225,4.277400000000004,2,20.310000000000002,4,-0.5853704665370186
CC34CCc1c(ccc2cc(O)ccc12)C3CCC4=O,266.34,3.9444000000000026,3,37.3,0,-1.0407789780925976
Oc1cccc2ncccc12 ,145.161,1.9404,3,33.120000000000005,0,0.24811303574394725
CCCCCCCCCC(=O)OCC,200.32199999999997,3.6902000000000026,2,26.3,9,-0.4965801278060562
CCCN(=O)=O,89.09399999999998,0.6731,2,43.14,2,1.0787323335497205
CC(=O)OCC(=O)C3(O)C(CC4C2CCC1=CC(=O)C=CC1(C)C2(F)C(O)CC34C)OC(C)=O ,478.51300000000026,1.7620999999999996,10,127.20000000000002,4,-0.510901150182018
CC12CC(O)C3C(CCC4=CC(=O)CCC34C)C2CCC1C(=O)CO,346.46700000000016,2.666700000000002,6,74.6,2,-0.08604415302849037
FC(F)(F)C(Cl)Br ,197.381,2.5084999999999997,0,0.0,0,0.6443279881455518
Cc1ccc(O)cc1,108.13999999999999,1.7006199999999998,2,20.23,0,1.1121480524269645
Cc1ccccc1Cl,126.586,2.6484200000000007,0,0.0,0,-0.2197070285374653
Cc1ccc(Br)cc1,171.03700000000003,2.7575200000000013,0,0.0,0,-0.06217578240188756
CSc1nnc(c(=O)n1N)C(C)(C)C,214.29399999999998,0.3714999999999997,7,73.8,1,0.3851174831406466
Oc1cc(Cl)cc(Cl)c1,163.003,2.699,2,20.23,0,0.8209539307824116
CCC(C)C1(CC(Br)=C)C(=O)NC(=O)NC1=O ,303.156,1.6836,5,75.27000000000001,4,0.19703472260301763
CCCCCCCC(=O)C,142.242,2.935900000000001,1,17.07,6,0.2290183392426651
CC(=O)CC(c1ccccc1)c3c(O)c2ccccc2oc3=O ,308.3330000000001,3.609600000000003,5,67.50999999999999,4,-0.3977650734119212
ClCCCl,98.96000000000001,1.464,0,0.0,1,0.9546168062913867
CC(C)COC(=O)C,116.15999999999998,1.2055,2,26.3,2,0.8830116944115787
COC(C)(C)C,88.14999999999999,1.4313,1,9.23,0,1.3460580845676708
CCc1ccccc1CC,134.22199999999998,2.811400000000001,0,0.0,2,-0.10513884952977232
CCCCCC(C)C,114.23199999999999,3.2227000000000023,0,0.0,4,-0.964400192087469
CC23Cc1cnoc1C=C2CCC4C3CCC5(C)C4CCC5(O)C#C,337.4630000000001,4.221000000000004,4,46.260000000000005,0,-1.1682360772386562
c1cC2C(=O)NC(=O)C2cc1,149.149,0.0011999999999999234,3,46.17,0,0.06098501003138228
CCCC=O,72.107,0.9854,1,17.07,2,1.4558525894500431
OC(Cn1cncn1)(Cn2cncn2)c3ccc(F)cc3F ,306.276,0.7357999999999993,8,81.64999999999999,5,0.6013649210176669
Cc1cc(C)cc(O)c1,122.16699999999997,2.0090399999999997,2,20.23,0,0.7923118860304884
CCC(C)c1cc(cc(N(=O)=O)c1O)N(=O)=O ,240.21499999999995,2.7221000000000024,6,106.51000000000002,4,-0.15287559078297772
CCCC(=O)OC,102.13299999999998,0.9595,2,26.3,2,0.5440808315138206
CC(=O)Nc1ccc(Br)cc1,214.06199999999998,2.4074999999999998,2,29.1,1,-0.011097469260957935
COc2cc1c(N)nc(nc1c(OC)c2OC)N3CCN(CC3)C(=O)OCC(C)(C)O ,435.48100000000034,1.2672999999999996,12,132.5,6,-0.27603638321624757
C=CCS(=O)SCC=C,162.27899999999997,1.7553,2,17.07,5,1.064411311173759
OCC(O)CO,92.09400000000001,-1.6681000000000001,6,60.69,2,1.995277765611264
CC2Cc1ccccc1N2NC(=O)c3ccc(Cl)c(c3)S(N)(=O)=O ,365.84200000000004,2.0834,6,92.5,3,-0.25121327776458097
CCCCN(CC)C(=O)SCCC,203.35099999999997,3.3716000000000026,2,20.310000000000002,6,-0.22448070266278572
CCCCC(CC)CO,130.231,2.1951000000000005,2,20.23,5,0.4533810231327304
CCSCCSP(=S)(OC)OC,246.35899999999998,2.990000000000001,5,18.46,7,-0.014916408561214367
CCOP(=S)(OCC)SC(CCl)N2C(=O)c1ccccc1C2=O,393.85400000000016,3.878200000000003,6,55.84,8,-1.5658831318778565
CCOC(=O)Nc2cccc(OC(=O)Nc1ccccc1)c2 ,300.314,3.8659000000000017,6,76.66,4,-0.7505395912731088
CC(C)C(O)C(C)C,116.20399999999998,1.6593,2,20.23,2,0.8782380202862581
O=C1NC(=O)NC(=O)C1(C(C)C)C(C)C,212.249,0.6507999999999994,5,75.27000000000001,2,0.14022800051170314
CC(=O)C3CCC4C2CC=C1CC(O)CCC1(C)C2CCC34C ,316.48500000000007,4.515300000000004,3,37.3,1,-0.759132204698686
CC(C)C1CCC(C)CC1=O,154.253,2.6477000000000013,1,17.07,1,0.3388128441250374
COC(=O)C,74.07900000000001,0.1792999999999999,2,26.3,0,1.6802152733401081
CCCCCCO,102.17699999999999,1.559,2,20.23,4,0.868690672035617
CC1CCCO1,86.134,1.1853,1,9.23,0,1.5131366789538894
Clc1ccc2ccccc2c1,162.61899999999997,3.4932000000000016,0,0.0,0,-0.5156748243073384
ClC(Cl)(Cl)C#N,144.388,1.88018,1,23.79,0,0.4256937132058711
CCCCCCCCC(=O)OC,172.268,2.910000000000001,2,26.3,7,-0.15287559078297772
CC/C=C/C,70.135,1.9725,0,0.0,1,0.24811303574394725
Oc1c(Cl)cccc1Cl,163.003,2.699,2,20.23,0,0.6061385951429875
ClC=C(Cl)Cl,131.389,2.5017000000000005,0,0.0,0,0.5249861350125384
C=CCC=C,68.119,1.7485,0,0.0,2,0.46292837138337145
Cc1c(cccc1N(=O)=O)N(=O)=O,182.135,1.8114200000000005,4,86.28,2,0.028524025979202606
Clc1cccc(I)c1,238.45499999999998,2.9446000000000003,0,0.0,0,-0.2340280509134268
N(=Nc1ccccc1)c2ccccc2,182.226,4.102000000000002,2,24.72,2,-0.6636587221922753
CC(C)CC(C)(C)O,116.20399999999998,1.8034,2,20.23,2,1.021448244045874
CCCCCCCCCCCCCCO,214.39299999999994,4.679800000000005,2,20.23,12,-1.3271994256118296
CCNc1nc(Cl)nc(NCC)n1 ,201.661,1.3885999999999998,7,62.730000000000004,4,-0.7113954634454804
c1cncnc1,80.08999999999999,0.4765999999999999,2,25.78,0,1.9857304173606225
BrCBr,173.83499999999998,1.7337,0,0.0,0,0.9021063909128608
CC(=O)OCC(=O)C3(O)CCC4C2CCC1=CC(=O)CCC1(C)C2C(=O)CC34C ,402.48700000000025,2.560600000000001,7,97.74000000000001,3,-0.5490905431845823
c1c(Cl)cccc1c2ccccc2,188.657,4.007000000000002,0,0.0,1,-0.8689267095810582
OCC1OC(O)(CO)C(O)C1O,180.156,-3.2197999999999998,11,110.38000000000001,2,1.766141407595878
O=C1N(COC(=O)CCCCCCC)C(=O)C(N1)(c2ccccc2)c3ccccc3,408.498,4.343200000000004,5,75.71,10,-1.6532413683712222
Cc3ccnc4N(C1CC1)c2ncccc2C(=O)Nc34 ,266.30400000000003,2.6512200000000004,5,58.120000000000005,1,-0.06217578240188756
CCCCCC(=O)OCC,144.21399999999997,2.1298000000000004,2,26.3,5,0.3388128441250374
CCCC(C)(COC(N)=O)COC(N)=O ,218.25299999999996,0.9834000000000005,6,104.63999999999999,6,0.5980233491299426
O=C2NC(=O)C1(CC1)C(=O)N2 ,154.125,-0.8674000000000002,5,75.27,0,0.5603113235399104
CCCC(C)O,88.14999999999999,1.1673,2,20.23,2,1.3221897139410679
c1cccc2c3c(C)cc4ccccc4c3ccc12,242.321,5.454620000000004,0,0.0,0,-1.6852249850108698
COP(=S)(OC)SCC(=O)N(C(C)C)c1ccc(Cl)cc1,367.86,4.331900000000004,5,38.77,7,-0.6550661087666984
CCCCOC=O,102.13299999999998,0.9595,2,26.3,4,0.80663290840645
CCOc2ccc1nc(sc1c2)S(N)(=O)=O ,258.324,1.3424,6,82.28,3,-0.35814357817176085
CN(C)C(=O)Nc1cccc(c1)C(F)(F)F,232.20499999999996,2.7989000000000006,2,32.34,1,-0.17674396140958054
c1cc(C)cc2c1c3cc4cccc5CCc(c45)c3cc2,268.3589999999999,5.553220000000004,0,0.0,0,-2.3201236436785013
CCCCCCCCC(=O)OCC,186.295,3.3001000000000023,2,26.3,8,-0.3533699040464402
CCCCN(CC)c1c(cc(cc1N(=O)=O)C(F)(F)F)N(=O)=O,335.28200000000004,4.148200000000004,5,89.51999999999998,7,-1.1792155277268932
C=C,28.053999999999995,0.8022,0,0.0,0,1.269679298562542
CN(C)C(=O)C,87.12199999999999,0.0944999999999998,1,20.310000000000002,0,1.9905040914859429
Cn1cnc2n(C)c(=O)n(C)c(=O)c12,194.19399999999996,-1.0293,6,61.82,0,1.0424524101972845
CCCC(C)(C)C,100.20499999999998,2.832600000000001,0,0.0,1,-0.6206956550643905
CC(C)C(C)(C)C,100.20499999999998,2.6885000000000012,0,0.0,0,-0.6206956550643905
Clc1ccc(Cl)c(c1)c2c(Cl)c(Cl)c(Cl)c(Cl)c2Cl,395.3270000000001,7.9274000000000004,0,0.0,1,-2.807038404461196
CCCC(C)(O)CC,116.20399999999998,1.9475,2,20.23,3,0.992806199293951
C1C(O)CCC2(C)CC3CCC4(C)C5(C)CC6OCC(C)CC6OC5CC4C3C=C21,414.63000000000017,5.508800000000006,4,38.69,0,-2.0337031961592693
CCCCCCCCC(=O)C,156.269,3.3260000000000023,1,17.07,7,-0.1146861977804134
c1(C(=O)OCCCCCC(C)(C))c(C(=O)OCCCCCC(C)(C))cccc1,390.5640000000002,6.433000000000008,4,52.60000000000001,14,-1.7076612533998767
CCOP(=S)(OCC)ON=C(C#N)c1ccccc1,298.304,3.2283800000000014,6,63.839999999999996,7,-0.8603340961554813
Clc1cccc2ccccc12,162.61899999999997,3.4932000000000016,0,0.0,0,-0.41542766767560735
CO,32.042,-0.3915,2,20.23,0,2.2100931012506875
CN(C)C(=O)Nc1ccc(c(Cl)c1)n2nc(oc2=O)C(C)(C)C,338.79500000000013,2.8699000000000012,6,80.37,2,-0.6054198978633648
CC(=O)Nc1ccc(Cl)cc1,169.611,2.2984,2,29.1,1,0.10347070974673504
CCC(=C)C,70.13499999999999,1.9725,0,0.0,1,0.1574132273628571
CCN(CC)c1nc(Cl)nc(n1)N(CC)CC,257.76899999999995,2.2173999999999996,5,45.150000000000006,6,-0.6450413931035253
CCC(O)CC,88.15,1.1673,2,20.23,2,1.3460580845676708
NC(=O)NC1NC(=O)NC1=O ,158.117,-2.1798,7,113.32,1,0.6968384035240777
c1cc2ccc3ccc4ccc5cccc6c(c1)c2c3c4c56,276.338,6.3282000000000025,0,0.0,0,-2.8442730626386967
CC(C)c1ccc(NC(=O)N(C)C)cc1,206.289,2.903500000000001,2,32.34,2,-0.22734490713797817
CC(C)c1ccc(C)cc1O,150.22099999999998,2.824020000000002,2,20.23,1,0.40087060775420436
ClC(Cl)C(c1ccc(Cl)cc1)c2ccc(Cl)cc2,320.04600000000005,5.929000000000003,0,0.0,3,-1.9764191066554224
CC(C)C(=O)C,86.13399999999999,1.2314,1,17.07,1,1.403342174071517
Clc1c(Cl)c(Cl)c(N(=O)=O)c(Cl)c1Cl,295.336,4.8618,2,43.14,1,-1.3176520773611888
C1=Cc2cccc3cccc1c23,152.19599999999994,3.3236000000000017,0,0.0,0,-0.42974869005156885
CC(=C)C=C,68.11900000000001,1.7485,0,0.0,1,0.49157041613529473
NC(=O)N,60.056,-0.9762,3,69.11,0,1.918898979606135
O=N(=O)c1ccc(cc1)N(=O)=O,168.10799999999995,1.503,4,86.28,2,-0.15764926490829836
ClC=C,62.499,1.3687,0,0.0,0,0.6252332916442697
O=C1NC(=O)c2ccccc12 ,147.13299999999998,0.5702,3,46.17,0,0.21469731686670357
CC(C#C)N(C)C(=O)Nc1ccc(Cl)cc1,236.702,2.825400000000001,2,32.34,2,-0.4011066452996456
CCI,155.966,1.4413,0,0.0,0,0.6968384035240777
OC1CCCCCC1,114.188,1.7015,2,20.23,0,1.0405429405471565
CC(C)OP(=S)(OC(C)C)SCCNS(=O)(=O)c1ccccc1,397.52400000000006,3.7726000000000024,7,64.63,10,-0.5443168690592618
OCC(O)C(O)CO,122.11999999999999,-2.3071999999999995,8,80.92,3,1.794783452347801
ClC1C=CC2C1C3(Cl)C(=C(Cl)C2(Cl)C3(Cl)Cl)Cl,373.3209999999999,5.2415,0,0.0,0,-1.5549036813896193
CCCCOC(=O)CCCCCCCCC(=O)OCCCC,314.46600000000007,4.7938000000000045,4,52.60000000000001,15,-0.3991971756495174
CCOC(=O)N,89.09400000000001,0.10160000000000013,3,52.32,1,1.866388564227609
c1ccc2c(c1)cnc3ccccc23 ,179.22199999999998,3.388000000000001,1,12.89,0,0.1335448567362545
O=C1NC(=O)NC(=O)C1(CC=C)c1ccccc1,244.25,0.8664999999999998,5,75.27000000000001,3,0.32974286328692837
CCc1ccccc1C,120.19499999999996,2.5574200000000005,0,0.0,1,-0.07172313065252864
CC(=O)SC4CC1=CC(=O)CCC1(C)C5CCC2(C)C(CCC23CCC(=O)O3)C45,416.58300000000025,4.852300000000005,5,60.44,1,-0.5314279489208963
CCN2c1cc(Cl)ccc1NC(=O)c3cccnc23 ,273.723,3.458700000000001,4,45.230000000000004,1,-1.098063067596444
CSc1nc(NC(C)C)nc(NC(C)C)n1,241.364,2.2340999999999998,8,62.730000000000004,5,-0.4965801278060562
c1cc2ccc(OC)c(CC=C(C)(C))c2oc1=O ,244.28999999999994,3.3103000000000025,3,39.44,3,-0.5987367540879159
OCC2OC(Oc1ccccc1CO)C(O)C(O)C2O,286.28,-1.6424000000000003,12,119.61000000000001,4,1.0548639629231178
COC(=O)c1ccccc1,136.14999999999998,1.4732,2,26.3,1,0.5774965503910643
CCCCCCCCCCO,158.285,3.119400000000002,2,20.23,8,-0.2722174439159911
CCC(=O)C,72.107,0.9854,1,17.07,1,1.7088573180920315
OC(Cn1cncn1)(c2ccc(F)cc2)c3ccccc3F,301.296,2.492400000000001,5,50.94,4,-0.1481019166576573
CCCCCCCCCCCCCCCCCCCCCCCCCC,366.7180000000002,10.388599999999993,0,0.0,23,-2.5177537524667715
CCN(CC)C(=O)C(C)Oc1cccc2ccccc12 ,271.36,3.475500000000002,2,29.540000000000003,5,-0.2435753991640679
CCCC=C,70.135,1.9725,0,0.0,2,0.1812815979894597
CNC(=O)Oc1cccc2ccccc12,201.225,2.5580000000000007,3,38.33,1,-0.0784062744279775
COC(=O)c1ccccc1OC2OC(COC3OCC(O)C(O)C3O)C(O)C(O)C2O,446.40500000000003,-2.884799999999998,18,184.6,6,1.1064196434765796
NS(=O)(=O)c3cc2c(NC(Cc1ccccc1)NS2(=O)=O)cc3C(F)(F)F,421.4220000000001,1.6254,8,118.35999999999999,3,-0.25312274741470897
CS(=O)(=O)c1ccc(cc1)C(O)C(CO)NC(=O)C(Cl)Cl ,356.2270000000001,0.40430000000000027,8,103.70000000000002,6,0.43237685698132
CCOP(=S)(OCC)Oc1nc(Cl)c(Cl)cc1Cl ,350.591,4.718100000000002,5,40.58,6,-1.2460469654813806
CC(C)CC(C)O,102.17699999999998,1.4133,2,20.23,2,1.0787323335497205
CCC1(C(=O)NC(=O)NC1=O)c2ccccc2 ,232.239,0.7003999999999997,5,75.27000000000001,2,0.35217913167593495
CCCC,58.123999999999995,1.8064,0,0.0,1,0.23379201336798575
C#C,26.037999999999997,0.24939999999999998,0,0.0,0,1.5990628132096592
CC12CC(O)C3C(CCC4=CC(=O)CCC34C)C2CCC1(O)C(=O)CO,362.4660000000002,1.7815999999999996,8,94.83,2,-0.014439041148682153
O=c1[nH]cnc2[nH]ncc12 ,136.114,-0.35380000000000006,5,74.43,0,0.37891170677772995
c1ccccc1C(O)c2ccccc2,184.238,2.768300000000001,2,20.23,2,0.24333936161862682
Clc1ccc(Cl)c(Cl)c1,181.449,3.6468000000000007,0,0.0,0,-0.25312274741470897
CCC(CC)CO,102.17699999999999,1.4149,2,20.23,3,0.9021063909128608
Oc1c(Cl)ccc(Cl)c1Cl,197.44799999999998,3.3523999999999994,2,20.23,0,0.20037629449074185
Nc1cc[nH]c(=O)n1 ,111.104,-0.6479000000000001,5,71.77000000000001,0,0.9092669021008415
Clc1cc(Cl)c(c(Cl)c1)c2c(Cl)cccc2Cl,326.437,6.620600000000001,0,0.0,1,-2.0337031961592693
Cc1ncc(N(=O)=O)n1CCO,171.15599999999998,0.09201999999999994,6,81.19,3,0.8782380202862581
CCC1(C(C)C)C(=O)NC(=O)NC1=O ,198.22199999999998,0.40479999999999994,5,75.27000000000001,2,0.405644281879525
CCC(C)O,74.12299999999999,0.7771999999999999,2,20.23,1,1.6849889474654287
CC(C)(C)c1ccccc1,134.22199999999998,2.9841000000000015,0,0.0,0,-0.28653846629195284
Clc1ccccc1C2=NCC(=O)Nc3ccc(cc23)N(=O)=O,315.716,3.037700000000001,5,84.6,2,-0.2096823128742922
ClC(Cl)C(c1ccc(Cl)cc1)c2ccc(Cl)cc2 ,320.04600000000005,5.929000000000003,0,0.0,3,-1.9764191066554224
Clc1ccc(cc1)c2ccc(Cl)cc2 ,223.102,4.660400000000002,0,0.0,1,-1.670903962634908
FC(F)(F)c1cccc(c1)N2CC(CCl)C(Cl)C2=O,312.118,3.514400000000002,1,20.310000000000002,2,-0.4712796549418574
O=C3CN=C(c1ccccc1)c2cc(ccc2N3)N(=O)=O,281.271,2.3842999999999996,5,84.6,2,-0.35146043439631197
Oc1ccc(C=O)cc1,122.12299999999998,1.2047,3,37.3,1,1.002353547544592
Cc1ccc2c(ccc3ccccc32)c1,192.261,4.301420000000003,0,0.0,0,-1.3271994256118296
CCSC(=O)N(CC(C)C)CC(C)C,217.378,3.4735000000000023,2,20.310000000000002,5,-0.2960858145425939
O=C2NC(=O)C1(CCCC1)C(=O)N2,182.179,-0.08720000000000011,5,75.27,0,0.33929021153756944
CCCCC(=O)CCCC,142.242,2.935900000000001,1,17.07,6,0.2290183392426651
COP(=S)(OC)Oc1cc(Cl)c(I)cc1Cl,413.0,4.494100000000002,4,27.69,4,-1.6995460073868316
CN(C(=O)COc1nc2ccccc2s1)c3ccccc3,298.367,3.3381000000000016,4,42.43000000000001,4,-0.8655851376933339
Nc1ccc(cc1)S(=O)(=O)c2ccc(N)cc2,248.307,1.6838000000000002,6,86.18,2,-0.01634851079881037
Brc1cc(Br)cc(Br)c1,314.802,3.974100000000001,0,0.0,0,-1.2126312466041367
COC(=O)C=C,86.09,0.34539999999999993,2,26.3,1,1.3556054328183116
CC1=C(C(=O)Nc2ccccc2)S(=O)(=O)CCO1,267.306,1.3016,5,72.47,2,0.3717511955897491
CCCC/C=C/C,98.18899999999998,2.752700000000001,0,0.0,3,-0.36291725229708127
O2c1ccc(N)cc1N(C)C(=O)c3cc(C)ccc23 ,254.28900000000002,2.9595200000000013,4,55.56,0,-0.41447293285054315
Ic1cccc2ccccc12,254.07000000000002,3.4444000000000017,0,0.0,0,-0.7113954634454804
CC12CCC(CC1)C(C)(C)O2,154.253,2.7441000000000013,1,9.23,0,0.6300069657695901
BrC(Cl)Cl,163.82899999999998,2.1425,0,0.0,0,0.7254804482760009
CCNC(=S)NCC,132.232,0.49030000000000007,3,24.06,2,0.7636698412785652
C1c2ccccc2c3cc4ccccc4cc13,216.283,4.411000000000002,0,0.0,0,-2.3774077331823475
OCc1ccccc1,108.13999999999997,1.1789,2,20.23,1,1.269679298562542
CCOC(=O)C=Cc1ccccc1,176.215,2.2629,2,26.3,3,0.028524025979202606
CCCCCCCC,114.232,3.3668000000000022,0,0.0,5,-1.0407789780925976
CCCCCCCCCCCC(=O)OC,214.34899999999996,4.080300000000003,2,26.3,10,-0.7782269011999682
C1Cc2cccc3cccc1c23,154.21199999999996,2.9384000000000015,0,0.0,0,-0.7495848564480447
NC(=O)c1ccccc1O,137.13799999999998,0.49110000000000004,4,63.32000000000001,1,0.5918175727670258
